id	title	text	score
3231413	智通港股公告精选︱(5.29)雄岸科技携美国工业大麻制造商设合营拓展亚洲业务	<p><strong>【AH互动】</strong></p><p>中国中铁(00390)发行股份购买资产事项获得中证监核准批复</p><p><strong>【重大事项】</strong></p><p>绿叶制药(02186)：抗精神病药Rykindo®的新药申请获FDA受理</p><p>国泰君安(02611)拟向全资子公司国泰君安期货公司增资8亿元</p><p>洛阳玻璃(01108)附属订立技术开发及水电费用结算协议</p><p>中国财险(02328)与邦邦汽服签订货物采购合同</p><p>国银租赁(01606)订立融资租赁合同 涉资58.77亿元</p><p>邮储银行(01658)获准筹建中邮理财有限责任公司</p><p><strong>【财报数据】</strong></p><p>长和(00001)：Wind Tre 一季度经调整收益总额为11.77亿欧元</p><p>深高速(00548)：沿江项目4月日均路费收入同比增长20.8%至150.2万元</p><p>堡狮龙国际(00592)预期年度股东应占亏损扩大</p><p><strong>【回购注销】</strong></p><p>瑞声科技(02018)近期合计回购300万股 涉资1.26亿元</p><p>渣打集团(02888)5月28日耗资约1017.29万英镑回购148万股</p><p>中联重科(01157)5月29日斥4127.99万元回购777.05万股A股</p><p>易居企业控股(02048)5月28日3745.5万港元回购369.3万股</p><p>宝宝树集团(01761)5月28日耗资1563.55万港元回购341.8万股</p><p>裕元集团(00551)5月29日斥784.37万港元回购36万股</p><p>指尖悦动(06860)5月29日耗资618.7万港元回购419.8万股</p><p>IMAX CHINA(01970)5月29日耗资约548.72万港元回购30.16万股</p><p>中国星集团(00326)5月29日斥资493.97万港元回购617万股</p><p>数码通电讯(00315)5月29日斥390.46万港元回购50万股</p><p>新世界发展(00017)5月29日斥资304.8万港元回购25.4万股</p><p>汇付天下(01806)5月29日耗资约235.38万港元回购58.4万股</p><p>康臣药业(01681)5月29日耗资228.4万港元回购44.2万股</p><p>协合新能源(00182)5月29日斥157.57万港元回购460万股</p><p>东瑞制药(02348)5月29日斥136.58万港元回购99.2万股</p><p><strong>【复牌停牌】</strong></p><p>康佰控股(08190)：应证监会指令 5月29日停牌</p><p><strong>【退市摘牌】</strong></p><p>中国恒石(01197)预期7月4日撤销股份于联交所上市地位</p><p><strong>【增发配售】</strong></p><p>同佳健康(00286)为收购爱帝宫折让20%合共增发12.5亿股 净筹4.95亿港元</p><p>汇丰控股(00005)根据股份奖励计划合计发行59.92万股</p><p>中国金控(00875)因可换股债券获兑换折让2.41%发行1120万股</p><p>鼎亿集团投资(00508)因可换股票据获兑换 5月29日发行2500万股</p><p>禹洲地产(01628)因购股权获行使 合计发行1403.36万股</p><p><strong>【股权变更】</strong></p><p>恒投证券(01476)股东向天风证券出售公司29.99%股权</p><p>361度(01361)主要股东丁伍号再增持78.8万股公司股份</p><p>慧聪集团(02280)获公司主席刘军增持5万股</p><p><strong>【股息红利】</strong></p><p>中国电信(00728)将于7月26日派付末期股息每股0.1099元</p><p>中银航空租赁(02588)将派发末期股息每股0.1845美元</p><p>SOHO中国(00410)将于6月18日派发末期股息每股0.034港元</p><p><strong>【资产并购】</strong></p><p>正恒国际控股(00185)获控股股东提供7.47亿元贷款以收购郑州两地块</p><p>中国海外宏洋集团(00081)拟4.9亿元收购于陕西渭南物业发展项目及农业园区</p><p><strong>【资产出售】</strong></p><p>力世纪(00860)拟1100万港元出售于香港及澳门的珠宝业务</p><p><strong>【设立合营】</strong></p><p>雄岸科技(01647)携美国工业大麻制造商设合营拓展亚洲业务</p><p><strong>【诉讼纠纷】</strong></p><p>兖州煤业股份(01171)：山西金晖获仲裁裁决向山西能化、天浩化工赔偿损失7200万元</p><p><strong>【人事变动】</strong></p><p>李向明及邱华伟获任华润医药(03320)执董及执行委员会成员</p><p>如需了解更多详情，请参阅智通财经网(www.zhitongcaijing.com)</p>	1
2877041	智通港股公告精选︱(1.28)重庆钢铁年度归母净利润预增425%到510%	<p><strong>【重大事项】</strong></p><p><strong>美图(01357)拟入股乐游(01089)下属公司 揽收星际战甲开发商30%股权</strong></p><p>紫光控股(00365)：深投控对紫光集团尽职调查工作已接近尾声</p><p><strong>复星医药(02196)乳腺癌治疗新药获美国FDA药品临床试验批准</strong></p><p>中国中铁(00390)近期合计中标375.9亿元工程项目</p><p><strong>新特能源(01799)拟三年内向乌海京运通销售3.2万吨多晶硅 涉资逾25亿元</strong></p><p><strong>中国同辐(01763)联手ARAY设合营 引进生产高端放疗设备</strong></p><p>金风科技(02208)A股配股申请获得中证监审核通过</p><p>招商局完成增持中国外运(00598)约1.58亿股A股</p><p>福莱特玻璃(06865)A股IPO每股价格为2元</p><p>首创环境(03989)联合体中标获嘉县生活垃圾处理场PPP项目 总投资7600万元</p><p><strong>【财报数据】</strong></p><p><strong>重庆钢铁(01053)预计年度归母净利润大增425%到510%</strong></p><p>中信股份(00267)：中信海直预计2018年归母净利润同比增长60%-75%</p><p>新城发展控股(01030)预期2018年权益持有人的合并净利润增长至少40%</p><p>中国电力(02380)2018年总售电量增10.79%至7096.48万兆瓦时</p><p>大悦城地产(00207)2018年合同销售额同比增8.9%至88.83亿元</p><p><strong>中国中铁(00390)2018年新签合同额增长8.7%至1.69万亿元</strong></p><p>大唐发电(00991)年度发电量2697亿千瓦时 重述后同比增5.31%</p><p>置富产业信托(00778)2018财年可供分派收益同比增1.6%至9.86亿港元</p><p><strong>中联重科(01157)预计2018年股东应占净利19.5亿-21.5亿元 市场份额稳步提升</strong></p><p>世纪阳光(00509)预期2018年盈利同比显著增长</p><p>稀镁科技(00601)预期2018年盈利同比显著增长</p><p>笔克远东(00752)年度股东应占溢利同比减少3.5%至2.7亿港元 每股派息9港仙</p><p>中铝国际(02068)四季度新签合同额减少37.14%至149.15亿元</p><p><strong>【回购注销】</strong></p><p>大自然家居(02083)1月28日耗资619万港元回购400万股</p><p>英皇娱乐酒店(00296)1月28日耗资143.3万港元回购85.5万股</p><p>雷蛇(01337)1月28日斥120.36万港元回购93.3万股</p><p>WANG ON GROUP(01222)1月28日合计注销4.53亿股已回购股份</p><p><strong>【股权变更】</strong></p><p>俄铝(00486)：股东转让公司8.75%股权予大股东En+</p><p><strong>【购股权】</strong></p><p>敏华控股(01999)授出1472万份购股权</p><p>维他奶(00345)按市价授出32万份购股权</p><p><strong>【债券票据】</strong></p><p>金沙中国(01928)将发行约53.75亿美元票据以交换未偿付票据</p><p>绿城中国(03900)附属拟发行4亿美元优先永续票据</p><p>禹洲地产(01628)建议发行优先票据</p><p>景瑞控股(01862)拟发行有担保美元定息优先票</p><p><strong>【资产收购】</strong></p><p>朗诗绿色集团(00106)与无锡新力力创房地产以16.6亿元竞得无锡滨湖区居住用地</p><p>美瑞健康国际(02327)拟收购一家细胞与基因治疗公司部分股权 29日复牌</p><p><strong>【人事变更】</strong></p><p>俄铝(00486)主席及董事Jean-Pierre Thomas辞职以换取美国终止制裁</p><p>中国中药(00570)不再续聘周八骏为独董 冀引入有医药背景的专业人士</p><p>如需了解更多详情，请参阅智通财经网(www.zhitongcaijing.com)</p>	1
3168160	智通港股公告精选︱(5.5)中国中铁发行股份购买资产事项获中证监无条件通过	<p><strong>【重大事项】</strong></p><p>中证监：中国中铁(00390)发行股份购买资产事项获无条件通过</p><p>白云山(00874)前4月收到各类政府补助3.58亿元</p><p>晨鸣纸业(01812)：湛江晨鸣收到政府补助3637.7万元</p><p>德宝集团控股(08436)或申请转板上市</p><p><strong>【财报数据】</strong></p><p>融创中国(01918)前4月合同销售额1189.9亿元 同比增11%</p><p>浙江沪杭甬(00576)首季股东应占溢利同比增25.3%至10.31亿元</p><p>汉港控股(01663)：“汉港•观澜”一期累计认购金额约3.5亿元</p><p><strong>【债权票据】</strong></p><p>中航科工(02357)：中航光电发行的13亿元可转债将于9日开始可转换</p><p>中金公司(03908)10亿美元票据将于5月6日上市</p><p>Sure Fast就中国环保科技(00646)发行可换债予认购人向香港高院申请禁制令</p><p><strong>【投资理财】</strong></p><p>南方航空(01055)已累计办理七天通知存款共计5.39亿元</p><p>如需了解更多详情，请参阅智通财经网(www.zhitongcaijing.com)</p>	1
3408015	格隆汇港股聚焦(7.22)︱不惧沽空发盈喜 安踏体育上半年纯利预增逾25% 中国中铁上半年新签合同额增10.5%至7013.4亿元	<p><b>【业绩预告】</b></p><p>不惧沽空发盈喜 安踏体育(02020.HK)上半年纯利预增逾25%</p><p>靛蓝星(08373.HK)预计中期业绩由盈转亏</p><p>亚势备份(08290.HK)预计中期业绩盈转亏</p><p><span>阜丰集团(00546.HK)上半年净利润预增不低于80%</span></p><p>中海石油化学(03983.HK)：预计中期净利润介于5.35亿元至5.65亿元</p><p>不计上市开支 远航港口(08502.HK)料中期纯利激增2.4倍</p><p>吉辉控股(08027.HK)预计中期业绩由盈转亏</p><p>中国医疗网络(00383.HK)：预计前12个月业绩实现扭亏为盈</p><p>环球印馆(08448.HK)预计一季度亏损大幅增加</p><p>中国东方教育(00667.HK)中期税后纯利预增不低于40%</p><p>电子交易集团(08036.HK)预计中期纯利减少不超100万港元</p><p><b>【财务数据】</b></p><p>铭源医疗(00233.HK)2018年中期亏损收窄16.2%至531.5万港元</p><p>金榜集团(00172.HK)年度亏损收窄32.3%至2.08亿港元</p><p>皇朝家俬(01198.HK)中期纯利减9.10%至1265.7万港元</p><p>王朝酒业(00828.HK)2017年中期净亏收窄63.88%至2670.1万港元</p><p>王朝酒业(00828.HK)2017年度净亏扩大32.79%至1.34亿港元</p><p><b>【运营数据】</b></p><p>MONGOL MINING(00975.HK)二季度原煤开采量257.06万吨 同比增加5%</p><p>中国中铁(00390.HK)上半年新签合同额增长10.5%至7013.4亿元</p><p><b>【并购出售】</b></p><p>非凡中国(08032.HK)拟3.41亿港元收购昇进投资全部股份</p><p>CLASSIFIED GP(08232.HK)拟27.5万港元出售经营Classified餐厅业务的设施</p><p>中国信息科技(08178.HK)收购广州若干土地及建筑物的备忘录失效</p><p>朝威控股(08059.HK)拟认购湖北凯瑞百谷农业51%股权发展高科技种业项目</p><p>浦江中国(01417.HK)拟2750万元收购物业管理服务公司27.5%权益</p><p>雅各臣科研制药(02633.HK)拟斥资约1.13亿港元收购品牌中药业务公司43%股权</p><p>希望教育(01765.HK)耗资7800万元进一步收购捷星慧旅30%权益</p><p><b>【重大事项】</b></p><p>基石药业-B(02616.HK)获批开展ivosidenib桥接注册性I期试验用于治疗急性髓性白血病</p><p><span>昆明机床(00300.HK)：沈阳金利剑润滑技术对控股股东沈机集团重整的申请获受理</span></p><p>中国中铁(00390.HK)近期中标284亿元重大工程</p><p>中国通号(03969.HK)7月22日A股发行18亿股</p><p><span>庄园牧场(01533.HK)向中证监申请中止公开发行A股可转债审核</span></p><p>绿色动力环保(01330.HK)签署恩施生活垃圾焚烧发电特许经营合同</p><p>中信建投证券(06066.HK)就股票质押式回购纠纷申请仲裁 涉资1.845亿元</p><p>长飞光纤光缆(06869.HK)向下属公司开具四份银行保函</p><p>阳光１００中国(02608.HK)拟尝试庭外和解撤回对贵州万峰谷的诉讼</p><p>北京汽车(01958.HK)：向戴姆勒购买汽车零件年度交易上限上修至8.82亿元</p><p>恒达科技控股(01725.HK)耗资2683万元竞得惠州惠城区地块</p><p><b>【增减持】</b></p><p>SDM Group(08363.HK)遭许沛祥减持2800万股</p><p>虎都(02399.HK)遭Asia United Fund减持1372.2万股</p><p>江西银行(01916.HK)遭Road Shine Developments减持1913.85万股</p><p>潍柴动力(02338.HK)获摩根大通增持1252.23万股</p><p>药明康德(02359.HK)获摩根大通增持15.07万股</p><p><b>【回购注销】</b></p><p><span>维亚生物(01873.HK)耗资240.48万港元回购57.4万股</span></p><p>信德集团(00242.HK)7月22日耗资134.7万港元回购44.2万股</p><p>远东发展(00035.HK)7月22日耗资266.2万港元回购70万股</p><p>华兴资本控股(01911.HK)7月22日耗资320万港元回购20万股</p><p>中国智能健康(00348.HK)7月22日耗资32.07万港元回购695万股</p><p>东瑞制药(02348.HK)7月22日耗资101.5万港元回购69.7万股</p><p>茂宸集团(00273.HK)7月22日耗资134.7万港元回购1056万股</p><p>WANG ON GROUP(01222.HK)7月22日耗资295万港元回购3000万股</p><p>渣打集团(02888.HK)7月19日耗资1024.86万英镑回购143.34万股</p><p><b>【增发供股】</b></p><p>中国信息科技(08178.HK)因购股权获行使发行1000.8万股</p><p>美团点评-Ｗ(03690.HK)发行合计约41.53万股B类普通股</p><p>吉利汽车(00175.HK)因购股权获行使发行1万股</p><p>昆仑能源(00135.HK)因可换股债劵获转换折价发行3180万股</p><p>中国云铜(00033.HK)7月22日溢价244.83%发行5080万股新股</p><p>亚博科技控股(08279.HK)因换股债获转换发行4亿股</p><p>联康生物科技集团(00690.HK)拟折让增发2.16亿股 集资3000万港元</p><p><b>【债务融资】</b></p><p>龙湖集团(00960.HK)附属发行20亿元住房租赁专项公司债</p><p>海通证券(06837.HK)："华泰资管-海通证券融出资金债权三期资产支持专项计划"摘牌</p><p>民生银行(01988.HK)给予联合能源集团(00467.HK)4亿美元授信</p><p><b>【人事任免】</b></p><p>中玺国际(00264.HK)： 王薇调任为首席营运官 赵靖飞获任董事会主席</p><p><b>【要约私有化】</b></p><p>中民筑友智造科技(00726.HK)获溢价约46.5%提要约收购全部股权 7月22日复牌</p><p>HKE Holdings(01726.HK)：要约人完成收购75%股权 触全面要约</p>	1
3149193	智通港股公告精选︱(4.26)中远海控首季归母净利激增2.8倍至6.87亿元	<p>必读</p><p>智通港股公告精选︱(4.26)中远海控首季归母净利激增2.8倍至6.87亿元</p><p>2019年4月26日 23:26:14</p><p><strong>【重大事项】</strong></p><p><strong>绿叶制药(02186)获授予在中国开发以及商业化Zepsyre®肿瘤创新药</strong></p><p>中国中铁(00390)附属将负责缅甸曼德勒产业新城基础设施工程 签约额4.98亿美元</p><p>中铝国际(02068)联合中标启点•科技城建设项目 涉资32.74亿元</p><p>中国东方航空股份(00670)非公开发行A股股票获中证监审核通过</p><p><strong>【财报数据】</strong></p><p><strong>中远海控(01919)一季度归母净利激增2.8倍至6.87亿元</strong></p><p>华润医药(03320)：华润三九首季净利润11.68亿元 同比增1.72倍</p><p>海信家电(00921)首季归母净利同比增长49%至4.22亿元</p><p>中国太保(02601)一季度净利润同比增长46.1%至54.79亿元</p><p><strong>中教控股(00839)中期经调整纯利增42%至3.93亿元 每股派3.5港仙</strong></p><p>中国电力(02380)首季总售电量同比增长35.98%至2121.86万兆瓦时</p><p>中航国际控股(00161)首季股东应占净利同比增33.3%至1.4亿元</p><p>国泰君安(02611)首季归母净利增33.03%至30.06亿元</p><p>新华保险(01336)一季度归母净利增29.1%至33.67亿元</p><p>国药控股(01099)一季度净利同比增长28.4%至11.45亿元</p><p>海螺水泥(00914)一季度归母净利润增27.27%至60.81亿元</p><p><strong>枫叶教育(01317)中期经调整纯利同比增加25%至3.04亿元 每股派息4.7港仙</strong></p><p>中国外运(00598)一季度归母净利增21.23%至5.82亿元</p><p>深高速(00548)首季归母净利润同比增17.73%至4.67亿元</p><p><strong>中国忠旺(01333)首季净利增15.4%至6.18亿元</strong></p><p>红星美凯龙(01528)一季度归母净利润增11.2%至13.14亿元</p><p>粤海投资(00270)首季股东应占溢利同比增长10.8%至11.97亿港元</p><p>深高速(00548)：沿江项目3月日均路费收入同比增10.7%至151.3万元</p><p><strong>上海医药(02607)首季归母净利增长10.42%至11.26亿元</strong></p><p>青岛银行(03866)首季归母净利同比增长9.89%至5.07亿元</p><p>安徽皖通高速公路(00995)首季股东应占净利同比增7.82%至2.89亿元</p><p><strong>福耀玻璃(03606)一季度归母净利润增7.72%至6.06亿元</strong></p><p>中国光大银行(06818)首季股东应占净利同比增长7.54%至97.33亿元</p><p>山东黄金(01787)一季度股东应占溢利增5.47%至3.66亿元</p><p>农业银行(01288)一季度归母净利增4.28%至612.51亿元</p><p>兖州煤业(01171)一季度归属股东净利润增长3.63%至23.08亿元</p><p>合兴集团(00047)首季同店销售平均增长2.6%</p><p>东方海外国际(00316)一季度总运货量上升1.6%</p><p>361度(01361)一季度零售额较上年同期小幅增长</p><p>招金矿业(01818)首季股东应占净利1.32亿元 与上年基本持平</p><p>东阳光药(01558)首季股东应占净利为7.76亿元</p><p>同仁堂科技(01666)首季股东应占净利同比降1.5%至2.18亿元</p><p>金风科技(02208)首季股东应占净利同比降4.64%至2.29亿元</p><p>安莉芳控股(01388)一季度整体销售同比下跌约7%</p><p>华润水泥控股(01313)首季股东应占溢利同比减少16.9%至14.89亿港元</p><p>长飞光纤光缆(06869)首季股东应占净利同比降31.89%至2.53亿元</p><p>南京熊猫电子股份(00553)首季股东应占净利同比降49.19%至1346.1万元</p><p>秦港股份(03369)首季股东应占净利同比降66.09%至1.18亿元</p><p>马鞍山钢铁股份(00323)首季归母净利减少94.09%至8374.59万元</p><p><strong>中海油田服务(02883)一季度业绩扭亏为盈至3100万元</strong></p><p>金隅集团(02009)一季度扭亏为盈 股东应占利润4.22亿元</p><p>中船防务(00317)一季度归母净亏损扩大5.22倍至2.09亿元</p><p>英皇证券(00717)预期中期综合净利取得大幅下跌</p><p><strong>【回购注销】</strong></p><p>汤臣集团(00258)4月26日斥资1355.9万港元回购455.6万股</p><p>雷蛇(01337)4月26日斥资635.85万港元回购315.9万股</p><p>五谷磨房(01837)4月26日斥565.92万港元回购346.4万股</p><p>天鸽互动(01980)4月26日斥546.17万港元回购193万股</p><p>耀莱集团(00970)4月26日斥363万港元回购1100万股</p><p>康臣药业(01681)4月26日耗资270.3万港元回购51.1万股</p><p>华地国际控股(01700)4月26日耗资247.8万港元回购150万股</p><p>都市丽人(02298)4月26日斥资194.6万港元回购78.6万股</p><p>复星医药(02196)4月26日斥资171.12万元回购16.24万股A股</p><p>威胜控股(03393)4月26日耗资119.62万港元回购30万股</p><p><strong>【股权变动】</strong></p><p>三一国际(00631)获控股股东减持3613.25万股以增加公众持股量</p><p><strong>【购股权】</strong></p><p>比速科技(01372)溢价27.29%授出1200万份购股权</p><p>高伟电子(01415)溢价3.1%授出200万份购股权</p><p><strong>【增发配售】</strong></p><p><strong>上海国盛拟斥100亿元认购海通证券(06837)定增股份 持股将增至10.35%</strong></p><p>吉利汽车(00175)4月26日根据购股权计划合共增发274.6万股</p><p>复旦张江(01349)就A股发行拟向高层及核心员工配售不超过1200万股</p><p><strong>【债券票据】</strong></p><p>国电科环(01296)建议发行不超12亿公司债及不超10亿定向债务融资工具</p><p>中金公司(03908)附属发行10亿美元票据</p><p>中远海发(02866)发行10亿元公司债券</p><p><strong>【资产收购】</strong></p><p>宏安集团(01222)：宏安地产(01243)拟3.07亿元收购安泰国际中心大厦</p><p><strong>佳源国际控股(02768)向沈天晴增发13.45亿股收购安徽省一物业开发项目</strong></p><p>中国中铁(00390)恢复参与收购邦达公司股权事宜</p><p><strong>【资产出售】</strong></p><p>云游控股(00484)拟4743.3万元出售金融信息服务公司JLC INC 54.54%股权</p><p><strong>【投资合营】</strong></p><p>中远海控(01919)向全资附属中远海运集运增资59.51亿元</p><p>广汽集团(02238)拟开展广汽丰田760B车型建设项目 总投资8.41亿元</p><p>江苏宁沪高速公路(00177)拟出资不超过14亿元投资建设龙潭过江通道项目</p><p>马鞍山钢铁股份(00323)拟7500万元增资保理公司</p><p>招商局中国基金(00133)按持股比例向小马智行增资60万美元</p><p><strong>【人事变更】</strong></p><p>凌文辞任中国神华(01088)执董及董事长等职务</p><p>中国民航信息网络(00696)拟委任赵晓航为非执行董事以接任曹建雄</p><p>如需了解更多详情，请参阅智通财经网(www.zhitongcaijing.com)</p><p>（更多最新最全港美股资讯，请点击下载智通财经App）</p><p>相关股票</p><p>绿叶制药021867.0900.110+1.58%佳源国际控股027683.6500.070+1.96%中远海控019193.610-0.030-0.82%云游控股004847.380-0.320-4.16%中国忠旺013334.410-0.040-0.90%中海油田服务028838.650-0.210-2.37%</p><p>中远海控(01919)调整船舶及集装箱预计净残值为366美元/轻吨张展雄17分钟前中远海控(01919)：中远海运集运拟使用部分闲置募集资金进行现金管理张展雄22分钟前中远海控(01919)向全资附属中远海运集运增资59.51亿元张展雄27分钟前绿叶制药(02186)获授予在中国开发以及商业化Zepsyre®肿瘤创新药安琪儿33分钟前中远海控(01919)续聘普华永道为境外核数师 信永中和为境内核数师安琪儿44分钟前</p>	1
2876760	1月28日晚间上市公司利好消息一览（附名单）	<p>沪深两市多家上市公司1月28日晚间发布重要公告，以下为利好的消息汇总：</p><p>中国中铁：近期累计中标近376亿元重大工程</p><p>中国中铁(601390)1月28日晚间公告，近期，公司中标多个重大工程，中标价合计约375.94亿元，约占公司中国会计准则下2017年营业收入的5.45%。</p><p>上海建工：联合预中标43.63亿元PPP项目</p><p>上海建工(600170)1月28日晚间公告，公司联合浙大网新建设投资集团、浙江浙大新宇物业集团组成的联合体，参与了西湖大学建设工程PPP项目竞标，根据评标结果，为该项目第一中标候选人。项目总投资预计为43.63亿元。</p><p>长春经开：控股股东子公司拟增持1000万股至2000万股</p><p>长春经开(600215)1月28日晚间公告，控股股东万丰锦源全资子公司锦源投资，计划自1月29日起6个月内，增持公司股份不少于1000万股、不超过2000万股。</p><p>环旭电子：拟1亿元至2亿元回购股份</p><p>环旭电子(601231)1月28日晚间公告，公司拟回购股份。回购资金总额不低于1亿元，不超过2亿元。回购股份的价格为不超过11元/股。</p><p>棕榈股份：2018年第四季度新签合同金额27亿元</p><p>棕榈股份(002431)1月28日晚间公告，公司2018年第四季度新签合同金额27.40亿元，2018年累计已签约未完工订单金额194.53亿元。</p><p>*ST宜化：获代德明及其一致行动人举牌持股达10%</p><p>*ST宜化(000422)1月28日晚披露的简式权益变动报告书显示，代德明及其一致行动人湖北恒信盈加投资合伙企业，于1月9日至28日期间，合计增持4379万股，占公司总股本的4.88%。此次增持后，代德明及其一致行动人合计持有公司8979万股，占公司总股本的10%，不排除在未来12个月内继续增持的可能。</p><p>海亮股份：收购KME旗下铜合金棒和铜管业务相关资产</p><p>海亮股份(002203)1月28日晚间公告，公司于28日与KME签署协议，收购其持有的KMMB、KBG、KBI、KBF、Ibertubos等五家公司100%股权以及德国Menden工厂铜管业务和铜管业务相关的资产。本次收购初始交易金额为1.19亿欧元。收购完成后，公司可获取高档铜合金棒制造技术，抢占欧洲高档铜合金棒市场，并利用KME的品牌拓展欧洲高端市场，快速提升市场占有率。</p><p>龙蟒佰利：回购股份实施完成耗资7.5亿元</p><p>龙蟒佰利(002601)1月28日晚公告，截至1月27日，公司累计回购股份5694万股，占公司总股本的2.8%，最高成交价为13.86元/股，最低成交价为12.20元/股，支付的总金额为7.5亿元。至此，公司本次回购股份计划已全部实施完毕。</p><p>博瑞传播：控股股东一致行动人拟增持1%至2%股权</p><p>博瑞传播(600880)1月28日晚间公告，控股股东一致行动人成都传媒集团计划自1月29日起的12个月内增持公司股份，累计增持数量不低于公司总股本的1%，不超过总股本的2%。</p><p>远望谷：拟1亿元-2亿元回购股份</p><p>远望谷(002161)1月28日晚间公告，公司拟以自有资金或自筹资金通过集中竞价方式回购部分股份，回购金额不低于1亿元，最高不超过2亿元，回购股份的价格不超过8.75元/股。若全额回购且按回购总金额上限和回购股份价格上限测算，预计可回购股份约2285.71万股，约占公司总股本的3.09%。</p>	2
3408014	智通港股公告精选︱(7.22)中国中铁上半年新签合同额同比增10.5%至7013.4亿元	<p><strong>【财报数据】</strong></p><p>阜丰集团(00546)预期上半年净利同比增长不低于80%</p><p>中国东方教育(00667)预期中期来自持续经营业务税后纯利同比增长逾40%</p><p>安踏体育(02020)预期中期公司股东应占溢利同比增长不少于25%</p><p>中国中铁(00390)上半年新签合同额同比增10.5%至7013.4亿元</p><p>MONGOL MINING(00975)二季度原煤开采量同比增加5%至257.06万吨</p><p>中国医疗网络(00383)预期年度业绩扭亏为盈</p><p>中海石油化学(03983)预期中期股东应占利润5.35亿元至5.65亿元</p><p>金榜集团(00172)年度净亏损同比收窄32.3%至2.08亿港元</p><p>铭源医疗(00233)2018年度中期股东应占亏损同比收窄16.2%至531.5万港元</p><p>五菱汽车(00305)预期中期净溢利同比大幅下跌80%</p><p><strong>【重大事项】</strong></p><p>中国中铁(00390)近期中标若干重大工程 标价合计约283.98亿元</p><p>绿色动力环保(01330)获授恩施城市生活垃圾焚烧发电特许经营权 总投资16.5亿元</p><p>基石药业-B(02616)获批开展ivosidenib桥接注册性I期试验以治疗白血病</p><p>JOYCE BOUTIQUE(00647)拟以计划方式进行公司重组</p><p><strong>【回购注销】</strong></p><p>渣打集团(02888)7月19日斥1024.86万英镑回购143.34万股</p><p>华兴资本控股(01911)7月22日斥资320万港元回购20万股</p><p><strong>【资产收购】</strong></p><p>朝威控股(08059)拟投资入股湖北凯瑞百谷农业51%以上股权以扩展高科技种业项目</p><p>宇华教育(06169)拟14.9亿收购济南双胜教育咨询90%股权 获得山东英才学院举办者权益</p><p>中民筑友智造科技(00726)将获胡葆森溢价46.5%提全购 7月22日复牌</p><p>浦江中国(01417)收购上海新市北企业管理服务27.5%股权巩固市场地位</p><p>希望教育(01765)拟7800万元收购捷星慧旅余下30%权益</p><p>雅各臣科研制药(02633)拟1.13亿港元收购品牌中药业务</p><p>陈小二完成收购HKE HOLDINGS(01726)75%股权并提要约收购</p><p><strong>【增发配售】</strong></p><p>先施(00244)：接获2.029亿股公开发售股份申请</p><p>亚博科技控股(08279)因部分可换股债券获兑换 折让48.6%发行4亿股</p><p>联康生物科技集团(00690)拟向兴华企业增发2.158亿股净筹2990万港元</p><p>大中华地产控股(00021)拟折让约18.67%配股净筹7760万港元 23日复牌</p><p><strong>【股权变更】</strong></p><p>中达集团控股(00139)获主要股东陈湘如增持4069.8万股</p><p><strong>【债券票据】</strong></p><p>宏华集团(00196)建议发行美元计值优先票据</p><p>富道集团(03848)拟发行本金额2000万港元的债券</p><p>交银国际(03329)拟认购3000万美元优先票据</p><p>合景泰富集团(01813)建议发行优先票据</p>	2
3232545	基建股反弹 中国中铁获批发新股购买资产现涨逾1%	<p><img class="ke_img" src="http://i9.hexun.com/2019-05-30/197362100.gif" alt="empty"/></p><p>新浪港股讯，中铁（00390）现价上升1.25%，报5.68元；成交约421万股，涉资2372万元．该股近月走势偏弱，今日盘中低见5.55元，接近11个月新低。</p><p>中铁昨日（29日）公布，获中证监批覆，核准公司向包括中国国新控股、中国长城资产管理等，发行约17亿股股份以购买资产。</p><p>基建股普遍反弹，中交建（01800）早段低见6.81元兼创逾三年半新低后，现反弹0.58%，报6.89元；中铁建（01186）上升0.8%，报8.87元。</p><p>现时，恒指报27083，下跌153点或下跌0.56%，主板成交256.44亿元。</p><p>国企指数报10402，上升11点或上升0.11%。</p><p>上证综合指数报2886，跌28点或跌0.96%，成交1012亿元人民币。</p><p>表列同板块或相关股份表现：</p><p>股份（编号） 现价 变幅</p><p>------------------------------</p><p>中国中铁（00390） 5.68元 上升1.25%</p><p>中交建 （01800） 6.89元 上升0.58%</p><p>中国铁建（01186） 8.87元 上升0.80%</p><p>中车时代（03898） 41.30元 下跌0.12%</p><p>中国中车（01766） 6.51元 下跌0.31%</p><p>中国中冶（01618） 2.07元 下跌0.48%</p><p>中国通号（03969） 5.16元 下跌1.15%</p><p>铁建装备（01786） 1.70元 下跌1.16%</p><p>------------------------------</p><p>（责任编辑： HN666）</p>	3
3232731	【港股异动 - 高铁基建股普涨 中国中铁获批发新股以购买资产】	<body>格隆汇5月30日丨高铁基建股普涨。中国中铁(0390.HK)升1.6%领涨，中国铁建(1186.HK)、中国交通建设(1800.HK)涨逾1%。中国中铁昨日晚间公布，获中国证监会批复，核准公司向包括中国国新控股、中国长城资产管理等，发行约17亿股股份以购买资产。此外，根据此前公告，中国中铁今日下午3-4时将以网络在线互动的形式召开2018年度现金分红说明会。东海证券昨日发布建筑行业5月动态报告称，建筑行业业绩有望随新签合同增速回升而改善。国务院常会提出加大基建补短板力度，2019 年基建投资有望实现中等增速，推荐基建投资机会。此外民生证券亦指，建筑行业估值已低于去年政策面改善前水平，基建投资基本已成稳增的新常态。(行情来源：富途证券)</body>	3
3125829	遵义主城改造大动作!中国中铁8.1亿入主红花岗区	<p>据遵义市公共资源交易中心4月18日公示，2018-红-07等11宗土地，成交结果出炉咯~</p><p><img class="ke_img" src="http://xqimg.imedao.com/16a399a7d6841d173fe13ef8.png" alt="empty"/></p><p>其中，位于红花岗区万里路西片区的2018-红-07号地块由遵义中铁城市房地产开发有限公司以8.1亿元竞得，位于红花岗区北京路长征八厂旁的2019-红-06号地块由苏州华丽家族置业投资有限公司斥资5.3949亿元竞得。</p><p>遵义主城区升级改造，正式进入实质性阶段。</p><p><img class="ke_img" src="http://xqimg.imedao.com/16a399a7f0b420193fc369a6.png" alt="empty"/></p><p>根据公示，2019-红-06号地块总面积132352㎡，用地性质为居住兼商业用地（商业面积不超过20%），容积率不超过3.3；2019-红-06号地块总面积62116.9㎡，用地性质为居住兼商业用地（商业面积不超过50%），容积率不超过3.5。可以预见，两大地块未来仍将已住宅产品为主，而作为遵义主城区近两年推出的稀缺地块，2019-红-06号地块和2019-红-06号地块无疑会给遵义主城区居住环境升级带来极大的促进作用。</p><p><img class="ke_img" src="http://xqimg.imedao.com/16a399a816141c4a3fbaa4df.png" alt="empty"/></p><p>01中国中铁股份有限公司</p><p>据相关资料显示，中国中铁股份有限公司是集勘察设计、施工安装、工业制造、房地产开发、资源矿产、金融投资和其他业务于一体的特大型企业集团，总部设在中国北京。作为全球最大建筑工程承包商之一，中国中铁连续13年进入世界企业500强，2018年在《财富》世界500强企业排名第56位，在中国企业500强排名第13位。</p><p><img class="ke_img" src="http://xqimg.imedao.com/16a399a8413418463fe4aea6.png" alt="empty"/></p><p>此前，中国中铁已在遵义成功开发了“中铁·共青湖”项目，作为遵义首屈一指的大规模复合型房地产项目，其在遵义名声颇显。由此也让人更加期待中国中铁将给遵义主城区带来哪些惊喜。</p><p>02苏州华丽家族置业投资有限公司</p><p>而本次斩获2019-红-06号地块的苏州华丽家族置业投资有限公司隶属于华丽家族股份有限公司，前身为宏智科技股份有限公司。宏智科技创立于1996年10月，总部位于福州，是国家级重点高新技术企业、国家火炬计划闽东南电子与信息产业基地骨干企业、信息产业部认定的计算机信息系统集成一级资质单位，在全国计算机应用开发和系统集成实体中位居前列。</p><p><img class="ke_img" src="http://xqimg.imedao.com/16a399a855d41d183fef374f.png" alt="empty"/></p><p>2002年7月，宏智科技在上海证券交易所正式挂牌上市，股票代码为600503。虽然苏州华丽家族置业投资有限公司在遵义名声不显，但是作为其进驻遵义的首个项目，也很是令人期待。</p><p><img class="ke_img" src="http://5b0988e595225.cdn.sohucs.com/images/20190420/256c8d7e24c5406ab432329adcb8d9f1.gif" alt="empty"/></p><p>据公示，在18日结束的土地竞拍，11宗地块悉数成交，遵义市汇川区娄海情旅游发展投资有限公司，遵义市展越置业有限公司，贵州省遵义市兴颖房地产开发有限公司等房企纷纷出手，掀起又一轮遵义土拍热潮。</p><p>遵义此次成交的11宗土地 ，分别属于红花岗区和汇川区。</p><p>来源：今日头条</p>	3
3239245	恒通科技收深交所关注函 要求说明引入中国中铁作为控股股东的原因	<p>证券时报e公司讯，深交所下发对恒通科技(300374,诊股)的关注函，要求说明公司引入中国中铁(601390,诊股)作为控股股东的原因，中国中铁与公司业务是否存在协同效应；说明控股股东孙志强放弃部分表决权的原因，放弃表决权的行为是否具备法律效力。</p>	3
2836984	粤水电：子公司与中国中铁等组成的联合体预中标东莞轨道交通PPP项目	<p><img class="ke_img" src="https://pifm.eastmoney.com/EM_Finance2014PictureInterface/Index.aspx?id=0020602&imageType=k&token=28dfeb41d35cc81d84b4664d7c23c49f&at=1" alt="empty"/></p><p>粤水电(002060)1月16日晚公告，公司全资子公司粤水电轨道公司与东莞控股、中国中铁、中铁南方(东莞)投资、中铁一局集团、中铁二局集团等公司组成的联合体，预中标东莞轨道交通1号线一期工程PPP改造项目，项目估算总投资329亿元。若中标，根据联合体协议书，公司全资子公司粤水电轨道公司将按约定对项目资本金进行出资，出资比例占社会资本方出资的0.73%，负责的工程内容金额约为12.5亿元。</p>	3
3457313	通讯：中企承建铁路连通非洲东西海岸	<p>原标题：通讯：中企承建铁路连通非洲东西海岸 来源：新华社</p><p>新华社安哥拉洛比托8月4日电 通讯：中企承建铁路连通非洲东西海岸</p><p>新华社记者 吴长伟 柳志</p><p><img class="ke_img" src="http://xqimg.imedao.com/16c5c400a6b97a23fe419e65.jpg" alt="empty"/></p><p>8月2日，在安哥拉洛比托铁路项目现场，中国中铁二十局本格拉铁路项目员工在进行铁路维护。新华社发（柳志 摄）</p><p>“非洲之傲”号旅游列车日前载着50余名游客从位于大西洋沿岸的安哥拉港口城市洛比托始发，列车将通过安哥拉本格拉铁路前往坦桑尼亚首都达累斯萨拉姆，这也是本格拉铁路首次始发前往印度洋沿岸的列车。</p><p>本格拉铁路横贯安哥拉全境，由中国中铁二十局集团公司总承包。这条铁路与上世纪70年代由中国援建的坦赞铁路连通，不仅帮助坦桑尼亚、赞比亚、刚果民主共和国和安哥拉四国铁路首次实现互联互通，也助力沿线地区经济和旅游发展。</p><p><img class="ke_img" src="http://xqimg.imedao.com/16c5c400be5962e3fe5b9dad.jpg" alt="empty"/></p><p>8月2日，在安哥拉洛比托铁路项目现场，中国中铁二十局本格拉铁路项目员工在进行铁路维护。新华社发（柳志 摄）</p><p>为使列车安全顺利运行，中铁二十局安哥拉国际公司近日抽调近百名工程技术和管理人员加强铁路沿线安全巡查，为列车提供全方位运行保障。</p><p>若泽·加莫达是中铁二十局维修保障队的一员，他家所在的村子距离本格拉铁路仅100多米，2006年赋闲在家的加莫达来到本格拉铁路项目部，一干就是13年。</p><p><img class="ke_img" src="http://xqimg.imedao.com/16c5c400d54981a3fd54cef3.jpg" alt="empty"/></p><p>8月2日，在安哥拉洛比托车站，中国中铁二十局本格拉铁路项目员工协助站长奥马尔·卡普索（左二）做好列车发车准备工作。新华社发（柳志 摄）</p><p>在中安两国近万名工人的共同努力下，历经10余年的艰苦建设，本格拉铁路终于在2017年7月全线移交当地。铁路通车后，方便了附近居民出行。加莫达所在村的很多人都从附近车站坐车出行，或者到外地做生意。</p><p>“工地离家近节省了上下班交通支出，中国同事对我也很友好。我想一直在中国企业干下去。”加莫达说。</p><p>本格拉铁路全长1344公里，全部采用中国铁路建设标准。铁路在带动沿线经济发展、促进沿海与内陆人员物资流通等方面发挥了重要作用，是将港口城市洛比托打造成非洲西海岸交通枢纽的关键支撑。</p><p><img class="ke_img" src="http://xqimg.imedao.com/16c5c400eaf970b3fea57526.jpg" alt="empty"/></p><p>8月2日，“非洲之傲”号旅游列车驶出安哥拉本格拉铁路洛比托车站。新华社发（柳志 摄）</p><p>近几天，“非洲之傲”号列车来到洛比托的消息在加莫达家的村子传开了。</p><p>“火车从很远的坦桑尼亚开过来，载着很多游客来此参观旅游，相信未来本格拉铁路一定会发展得更好，有机会我也想坐火车去别的国家看看……”加莫达笑着说。</p><p><img class="ke_img" src="http://xqimg.imedao.com/16c5c40101e97dd3fe699f5d.jpg" alt="empty"/></p><p>这是8月2日在安哥拉本格拉铁路洛比托车站拍摄的“非洲之傲”号旅游列车车厢内部。新华社发（柳志 摄）</p><p>安哥拉旅游、文化和交通等部门非常重视该旅游列车，称其为安哥拉旅游国际化的重要标志。当地交通部门官员表示，列车的开通运行得益于本格拉铁路，这对促进非洲铁路网的互联互通及沿线旅游业发展具有重要意义。</p>	3
3222581	恒通科技实控人将变更 万亿级市场吸引中国中铁入主？	<p>2015年上市至今刚过4年，恒通科技(300374,诊股)（300374，SZ）实际控制人孙志强就让出了公司的实际控制权。接盘方则是大型央企，市值高达1473亿元的中国中铁(601390,诊股)（601390，SH）。</p><p>事实上，恒通科技业绩平平，其亮点则在于装配式建筑商的身份。最近几年，国家和地方高度关注装配式建筑领域。前瞻产业研究院曾发布报告称，装配式建筑市场规模将超过2万亿元。</p><p>股权转让价款7.8亿</p><p>5月26日晚间，恒通科技披露公告称，孙志强拟转让股份2509.9万股（占公司总股本的10.21%），诸城晨光景泰股权</p><p>投资基金</p><p>有限公司（以下简称投资公司）拟转让股份4008.6万股（占公司总股本的16.30%），接收方均为中国中铁。股份转让价格为12.00元/股，股份转让总价款为7.8亿元。</p><p>同时，孙志强与中国中铁签署了《表决权放弃协议》，孙志强不可撤销地放弃其持有的7529.7万股（占公司总股本的30.62%）股份的表决权。</p><p>“股权转让+放弃表决权”，孙志强不再是恒通科技的实际控制人。本次权益完成后，公司控股股东将由孙志强变更为中国中铁，公司实际控制人将变更为国务院国资委。</p><p>《每日经济新闻》记者注意到，中国中铁受让的股权溢价率并不高。按照恒通科技最新10.31元/股收盘价计算，溢价率为16.3%。</p><p>值得一提的是，恒通科技引入央企战投已有先兆。5月20日，恒通科技就因控制权变更事宜停牌。当时，孙志强及投资公司表示是准备引进建筑业某国有企业战略投资方，超出市场预期的是这一国有企业战略投资方竟然是中国中铁。</p><p>中国中铁控制的核心企业多达46家，均为“中铁”开头。中国中铁拟成为恒通科技控股股东，看中了恒通科技哪一点？</p><p>如果仅看恒通科技的业绩，可以用平平无奇形容。公司2018年营业收入为7.71亿元，同比下滑27.73%；净利润为7087.89万元，同比增长1.35%；经营活动现金流净额为-2.79亿元。</p><p>不过恒通科技的优势在于它作为装配式建筑部品部件供应商的身份。</p><p>看中背后万亿市场</p><p>装配式建筑指用工厂生产的预制构件在现场装配而成的建筑，从结构形式来说，装配式混凝土结构、钢结构、木结构都可以称为装配式住宅。通俗讲，就是像搭积木一般建楼房。装配式建筑更是建筑业新变革的说法。</p><p>近年来，我国政府高度重视装配式建筑发展。国务院印发了《关于进一步加强城市规划建设管理工作的若干意见》提出力争用十年左右时间，使装配式建筑占新建建筑的比例达到30%。住建部发布了《“十三五”装配式建筑行动方案》，要求全面推进装配式建筑发展，到2020年，全国装配式建筑占新建建筑的比例达到15%以上。</p><p>前瞻产业研究院发布的《2018-2023年中国装配式建筑行业市场前瞻与投资规划深度分析报告》预计，按照上述方案“2020年装配式建筑占新建建筑面积比例达15%以上”的要求测算，2020年装配式建筑面积有望超过80000万平方米，以每平米2500元测算，市场规模将超过2万亿元。</p><p>行业前景广阔，中国中铁此次收购的战略意图也就不难理解。</p><p>在详式权益变动报告书中，中国中铁表示，这有助于完善中国中铁的产业布局，完善建筑行业研发、设计、生产、施工于一体的现代化产业链条，增强中国中铁的建筑业集成服务能力。</p><p>中国中铁还表示，通过本次权益变动取得上市公司的控制权，有利于提升公司的业务拓展能力、增强公司竞争实力。</p><p>封面图片来源：摄图网</p>	3
3236264	专访中铁王成平：承办NEST，也是中铁置业的一个起点	<p>2019NEST全国电子竞技大赛《英雄联盟》夏季总决赛在贵阳开幕，五月的贵阳，正如它“爽爽的”名片一样，天高气爽。在中国中铁置业集团贵州有限公司的协助下，大型电子竞技综合赛事首次落地贵阳，</p><p><img class="ke_img" src="http://xqimg.imedao.com/16b0ccd1eba21e53fe14d1fb.png" alt="empty"/></p><p>“中铁置业于2008年进入贵州，深耕贵州已有10年。中铁置业在贵阳十年间，一直致力于为贵阳提供更健康的生活环境和生活方式，承办电竞大赛，是中铁置业充分践行央企使命，勇于承担社会责任的结果。”在开幕式结束后，中国中铁置业集团贵州有限公司党委书记王成平接受记者采访时说到。</p><p><img class="ke_img" src="http://xqimg.imedao.com/16b0ccd21bf22323fe6af85c.png" alt="empty"/></p><p>电子竞技运动作为我国正式开展的体育运动项目，在数年间高速发展，同时也吸引了各行各业的关注与参与。如中国中铁置业集团贵州有限公司这样的传统企业，也在以各种方式参与电子竞技。同时，电竞行业正迈向更开放、多元、可持续的发展趋势；其团结、协作、拼搏、进取的精神也是一代又一代的中铁人一直坚持的信念。中国中铁置业贵州公司深耕贵州十余年，秉承“信任源自责任”的开发理念，先后开发了贵阳中铁·逸都国际、中铁阅山湖、中铁阅山湖云著，以及遵义中铁共青湖几个房地产项目。一直致力于为人们提供更好、更健康的生活环境和生活方式。</p><p>王成平书记认为“承办本次全国电子竞技大赛，也是中铁置业的一个起点。借由此次机会，中铁置业将和贵阳人民一起倡导健康生活，促进电竞产业的快速发展；与贵阳齐心携手，积极助推相关体育产业的发展，与贵州大数据城市品牌形象共创美好未来。”</p><p>近几年，像中铁置业这样的国内顶尖开发商都开始了房地产向住宅之外的方向发展，在谈到日后中铁置业在产业的布局时，王成平书记告诉记者：“中铁置业已与贵安新区管委会签订合作协议，将在贵安新区大学城西南部和贵安生态新城整体打造“一云、两基地、三中心”的“中国体育云”全体育产业链项目，助力体育产城的快速落地，推动贵州体育产城的跨越式发展，为贵阳打造全新的“互联网+体育”城市名片。”</p><p>以下为采访实录：</p><p>问：请问王成平书记，中国中铁置业作为一家房产开发央企，此次承办贵阳首个大型电竞赛事，为什么会关注到电竞行业？中铁置业未来在这个行业内是否会有更深入的布局？</p><p>王成平：中铁置业于2008年进入贵州，深耕贵州已有10年。中铁置业在贵阳十年间，一直致力于为贵阳提供更健康的生活环境和生活方式，承办电竞大赛，是中铁置业充分践行央企使命，勇于承担社会责任的结果。</p><p>中铁置业在贵阳发展期间，与贵阳城市共同成长，见证了贵阳从飞速发展，到连续6年GDP增速全国第一的赶超。如今的贵阳，是国家大数据综合实验区核心区，是中国数谷、也是国务院批准的跨境电商试点城市和全国首批5G试点城市。《2018年全国城市年轻指数》报告显示，贵阳城市年轻指数位居全国城市榜首，是年轻人发展的首选之地。目前，贵阳正依托大数据产业打造中高端消费贸易之城和中高端制造之城，引入电竞赛事，让“电竞体育”成为“互联网+体育”模式下多彩贵州·爽爽贵阳的又一新名片，可以吸引全国各地的电竞爱好者来到贵阳，还可以加快年轻人才的引入，进一步促进城市品牌年轻化、时尚化，带动贵阳的城市品牌、国际影响力的提升。</p><p>承办本次全国电子竞技大赛，也是中铁置业的一个起点。借由此次机会，中铁置业将和贵阳人民一起倡导健康生活，促进电竞产业的快速发展；与贵阳齐心携手，积极助推相关体育产业的发展，与贵州大数据城市品牌形象共创美好未来。</p><p>近期国务院发布了《关于加快发展体育产业促进体育消费的若干意见》，意见中明确指出中国人均体育场地面积需要达到2平方米，今年3月，中共中央办公厅和国务院同时印发《关于以2022年北京冬奥会为契机大力发展冰雪运动的意见》，要求实施冰雪运动“南展西扩东进”战略，主动融入冬奥会备战体系，推进冰雪大数据产业、电子竞技产业发展，大力普及群众性冰雪运动、加快发展冰雪产业。中铁置业作为责任央企，未来将深度布局包括体育园区规划、体育旅游、消费、培训等产业，通过体育经济力量驱动城市区域发展，引进以运动健康、文化教育、旅游度假为主的体育项目和配套设施，并把体育休闲旅游作为运营开发的新理念。</p><p>日前，中铁置业与贵安新区管委会签订合作协议，将在贵安新区大学城西南部和贵安生态新城整体打造“一云、两基地、三中心”的“中国体育云”全体育产业链项目，助力体育产城的快速落地，推动贵州体育产城的跨越式发展，为贵阳打造全新的“互联网+体育”城市名片。</p><p>问:我们了解到，像中铁置业这样的国内顶尖开发商都开始了房地产向住宅之外的方向发展，造成这一现象的原因是什么呢？能否为我们浅谈一下未来地产行业的发展格局？</p><p>王成平：2018年，房地产的交易规模再创新高，但市场普遍出现了业绩上涨乏力的现象，整个行业的“黄金时代”渐行渐远， 在行业增速放缓的情况下，把目光聚焦到主业，开启精细化运营模式，专注提升产品品质，开展多元化的产品布局成为各大房企角逐市场的关键。</p><p>由中国房地产业协会发布的《2019中国房地产开发企业500强测评研究报告》显示，部分房企通过自身拿地和融资的优势，快速进入相对活跃的市场，慢慢向长租公寓、物流地产、商业地产、物业服务等领域扩展。同时，也有部分企业因各种原因主动淡出了房地产开发，谋求转型。</p><p>除了市场外，消费者日益成熟消费观也在倒逼地产开发商进行转变，现在消费者买房的时候考虑得更加全面，对产品品质有了更高的要求。因此，开始着重关注楼盘质量，研发更为合理的产品结构，以客户需求为导向，开发商开始追求产品力提升，由大规模向高质房企发展。</p><p>此外，文化与科技行业的增长，也给房企赋能了产业转型的选择。比如这些年大力发展的人工智能、新能源汽车、健康养生、文化旅游等等，这些产业原本与房地产开发关系并不大，如今都被房企视为未来业绩的重要增长点，因此，各地纷纷开始探寻文化、旅游、智能小镇的模式的开发。国家发改委办公厅也印发了《关于开展产城融合示范区建设有关工作的通知》，通知要求根据《国家新型城镇化规划(2014—2020年)》有关指示，推动产业和城镇融合发展，在地产行业增速放缓的当前，文化与科技的赋能，以及产城融合的模式成为地产转型的关键，也是房地产开发实现可持续发展的重要方向。</p>	4
3239573	股权转让+放弃表决权引中国中铁入主 深交所询问恒通科技具体原因	<p>实控人拟7.8亿元转让控股权，并不可撤销地放弃其持有的公司30.62%股份的表决权，恒通科技(300374)由此将获得中国中铁入主。</p><p>6月2日晚间，深交所对恒通科技下发关注函，要求公司说明引入中国中铁作为控股股东的原因；说明控股股东孙志强放弃部分表决权的原因；认定实际控制人变更为国务院国资委依据是否充分等五大问题。</p><p><strong>中国中铁拟入主恒通科技</strong></p><p>恒通科技于5月26日晚间公告，中国中铁将受让公司控股股东、实际控制人孙志强及第二大股东诸城晨光景泰股权投资基金有限公司（以下简称“晨光景泰”）持有的合计26.51%公司股份。同时，孙志强拟放弃其余下股份表决权。交易完成后，中国中铁将成为公司控股股东，国务院国资委将成为公司的实际控制人。</p><p>公告显示，孙志强、晨光景泰5月24日与中国中铁签署了《股份转让协议》。根据《股份转让协议》，孙志强拟转让所持的10.21%公司股份；晨光景泰拟转让16.3%公司股份。上述股份转让价格为12.00元/股，较恒通科技停牌前收盘价溢价约16.39%，股份转让总价款约7.82亿元。</p><p>同日，孙志强与中国中铁签署了《表决权放弃协议》，前者不可撤销地放弃其持有的公司30.62%股份的表决权。据恒通科技公告，上述股份转让与表决权放弃互为条件，同步实施。</p><p>上述交易完成后，孙志强持有恒通科技30.62%股份，为第一大股东，但不持有公司有表决权的股份；晨光景泰不再持有公司股份；中国中铁持股比例为26.51%，成为公司控股股东，国务院国资委成为公司实际控制人。</p><p>公开资料显示，中国中铁是中国乃至全球最大的多功能综合型建设集团之一，能够为客户提供全套工程和工业产品及相关服务，中国中铁最近三年主营业务包括基建建设、勘察设计与咨询、工程设备与零部件制造以及房地产等业务板块。</p><p>对于此次权益变动，中国中铁认为有助于完善公司的产业布局，完善建筑行业研发、设计、生产、施工于一体的现代化产业链条，增强建筑业集成服务能力。中国中铁表示，认同恒通科技价值并看好其未来发展前景，取得控制权后，将提升恒通科技的业务拓展能力，增强恒通科技竞争实力。</p><p>值得注意的是，中国中铁还表示，在此次权益变动完成后12个月内，不排除根据证券市场整体情况并结合上市公司的发展等因素继续增持恒通科技股份。</p><p>而不同于中国中铁的态度，孙志强在公告中称，未来12个月内暂无增持恒通科技的计划，同时，不排除继续减少其在恒通科技中拥有权益的股份的可能性。</p><p>深交所关注五大焦点问题</p><p>通过交易方案来看，恒通科技停牌前的收盘价为10.31元/股，12元/股的转让价格较前者溢价16.39％。另外，在权益变动后，孙志强虽然持有恒通科技30.62%股份，但却没有表决权。股权转让+放弃表决权的交易方案也引发深交所的关注。</p><p>根据恒通科技6月2日晚间披露的关注函，深交所首先要求公司及相关方说明引入中国中铁作为控股股东的原因，中国中铁与公司业务是否存在协同效应。</p><p>资料显示，恒通科技主营新型墙体材料、建筑结构材料、室内外装饰材料、园林景观材料等建筑材料的研发、生产、销售和组装。公司是国内装配式建筑部品部件行业中产品结构丰富并具备装配式建筑集成服务能力的供应商。</p><p>在此前披露的权益变动报告中，恒通科技表示，本次交易有利于提升公司的业务拓展能力、增强公司竞争实力。本次权益变动完成后，中国中铁将进一步优化和完善公司的公司治理及产业结构，巩固和提升公司的盈利能力及可持续发展能力。不过对于权益变动的具体原因以及业务协同，恒通科技与中国中铁均未过多谈及。</p><p>深交所还要求恒通科技说明孙志强放弃部分表决权的原因，放弃表决权的行为是否具备法律效力。关注函中还提到，孙志强与中国中铁签署的《表决权放弃协议》是否不可撤销或变更，如是，请说明该协议的执行期限，以及是否设置表决权恢复条款，表决权恢复条款是否与不可撤销的承诺相冲突。</p><p>此外，深交所询问孙志强与中国中铁是否存在其他协议安排，双方是否构成一致行动关系，是否影响公司控制权的稳定性。深交所要求恒通科技及相关方结合前述问题回复，以及后续董事会席位安排等，说明认定实际控制人变更为国务院国资委的依据是否充分。</p><p>最后，深交所还要求相关方结合中国中铁的财务状况说明其支付全部股权转让款的履约能力，是否存在不确定性。</p>	4
3201173	中铁开投副总经理、总工程师宁锐：重庆轨道交通4号线二期7月开工	<p>此次西洽会上，由中铁开投牵头中铁一局、中铁工业、中铁二院共同代表中国中铁参展。中铁开发投资集团有限公司(以下简称中铁开投)副总经理、总工程师宁锐在接受上游新闻·重庆商报记者采访时透露，重庆轨道交通4号线二期将于今年7月份全面开工，整个建设工期预计3年半。</p><p><strong>上游新闻·重庆商报：</strong>此次中国中铁有哪些亮点呈现？</p><p><strong>宁锐：</strong>由中国中铁企业概况、气动有轨电车、重庆TOD项目、盾构施工智能管理系统及模型、信息化管控平台等板块组成，重点突出地展示了中国中铁成就人类美好出行梦想的领军企业风采。</p><p>其中还是有很多亮点。比如中铁一局展示了气动有轨电车模型；中铁二院展出的沙坪坝站综合交通枢纽项目模型，向大家展示了秉承TOD发展理念打造的具有综合交通枢纽功能的城市综合体，同时也是国内高铁站场整体上盖物业开发的首个案例；中铁开投的数字化项目管控平台利用物联网、大数据、云计算等新一代信息技术手段，将“无纸化采集、可视化管理、大数据融合”的理念落地，实现各管理层级对项目的“可视监控、远程监管”，从而规范项目管理行为，提升项目管理水平和质量，助力企业数字化转型。</p><p><strong>上游新闻·重庆商报：</strong>在本次西洽会上，合作和洽谈的重点有哪些方面？</p><p><strong>宁锐：</strong>一是高速路方面的建设；另一个就是，前不久我们中标了轨道交通4号线二期，总投资198亿的一个轨道交通项目。</p><p>此外，对九龙半岛的一个整体开发，进行了一个深入的沟通和探讨。九龙半岛作为重庆另外一个半岛体是一个很大项目，各方都很重视，我们也是就这个项目在积极与市里和区里进行沟通和洽商。</p><p><strong>上游新闻·重庆商报：</strong>能不能具体透露一下轨道交通4号线二期工程的情况？</p><p><strong>宁锐：</strong>重庆轨道交通4号线从民安大道站到石船站，线路全长约48.5km，共设车站23座，工程分两期建设，其中一期工程民安大道站到唐家沱站段线路全长15.7km，设9座车站，已于2018年底建成开通运营。正在推进的轨道交通4号线二期工程，起于一期唐家沱站(不含)，止于石船站，线路主要位于江北区和渝北区(两江新区)两个行政区，串连了唐家沱、鱼复工业园和龙兴工业园。线路全长约32.8km，全线共设14座车站，全线与三条规划轨道线路换乘，分别在干坝子站和生基堡站与规划8号线换乘，复盛站与规划11号线换乘，普福站与规划14号线换乘。</p><p>我们中标之后就开始积极组织开工建设，前期很多工作已经开展了，预计全面开工是在7月份，估计3年半以后建成。</p><p><strong>上游新闻·重庆商报：</strong>中国中铁接下来会在重庆哪些方面加大投资？</p><p><strong>宁锐：</strong>轨道4号线二期可以说是真正的PPP模式下的“BOT+LOT+EPC”运作方式，这种项目的特点就是不仅负责建设，在特许经营期来还要负责运营。具体来说，就是由项目公司负责轨道交通4号线二期工程全过程的投融资、设计、建设工作。在二期建设完成后，通过租赁的方式获得一期使用、收益的权利，从而由项目公司负责4号线整体(包括一期和二期工程)的运营、维护及移交等所有工作，在特许经营期满后，项目公司将该项目无偿移交给市政府或其指定单位。</p><p>中国中铁的下一步就是要借助4号线的一个项目管理特点，逐步探索中国中铁在重庆轨道交通的一个运营中心。4号线的一期和二期接近50公里，即将开工建设的还有一条4号线的西延线，有11公里，也就是说我们运营里程将达到60公里，这相当于正常的轨道交通是两条线的规模，所以说运营规模是比较大的。在这个方面，肯定是要加大投入的。</p><p>另一个方面，还会结合重庆两江四岸建设，进一步沿江城市开发项目。我们在九龙半岛包括4号线沿线，正在探索新型城市设计和城市建设模式，也就是TOD模式，做一些城市建设开发。</p><p>第三方面，还是要积极参与到高速公路建设，现在重庆的高速公路网已经逐渐往边缘延伸，建设难度和建设投入都比较大，要在三年内建成立体的交通网络，这个任务还是比较重。</p><p>我们主要是在这三个方面加大投资力度。另外，还会有一些其他产业引入，在城市基础性和公益性的设施方面也要加大投资。</p><p><strong>上游新闻·重庆商报：</strong>我们关注到，这一次中国中铁在展区中带来气动有轨电车，这是已经有的技术？还是会说哪个项目会具体运用到？</p><p><strong>宁锐：</strong>气动有轨电车是中国中铁跟巴西轨道产业部引进的，同时结合中国三四线城市的发展特点，进行了引进、吸收和创新，我们此次展示的就是这样一个气动有轨电车模型。这也是在国内第一次展示。</p><p>气动有轨电车是一种依靠空气推动机车行进的新型智能化轨道交通系统，牵引及制动结构简单，具有建造及运营成本低、绿色低碳、安全可靠等优势。这个技术在国外相对比较成熟，我们现在把它引进来，也是想找一个“合适”的区域落地。</p><p><strong>上游新闻·重庆商报：</strong>这次带上西洽会展示，也是寻找城市合作机会？那么重庆适合吗？</p><p><strong>宁锐：</strong>重庆主城区可能不适合，郊区和某些区县可能适合。气动有轨电车比较适用于大城市骨干线网加密线、延伸线、接驳线，中小城市中低运量线网，旅游观光线，尤其适合于中国三四线城市及“一带一路”沿线国家及地区。</p>	4
3239875	恒通科技收关注函：业务是否与中国中铁存在协同效应	<p>北京商报讯（记者 高萍）恒通科技(300374,诊股)因中国中铁(601390,诊股)(港股00390)拟入主事项备受市场关注。6月2日，深交所官网显示，交易所就中国中铁拟成为公司控股股东一事下发关注函。</p><p>据了解，5月24日，恒通科技披露控股股东孙志强、第二大股东诸城晨光景泰股权投资基金有限公司（以下简称“晨光景泰”）与中国中铁签署了《股份转让协议》。孙志强拟转让占公司总股本的10.21%股权，晨光景泰拟转让占公司总股本的16.3%股权，股份转让价格为12元/股，股份转让总价款为7.82亿元。同日，孙志强与中国中铁签署《表决权放弃协议》，孙志强不可撤销地放弃其持有的占公司总股本30.62%股份的表决权。本次股权交易完成后，中国中铁成为控股股东，国务院国资委将成为公司实际控制人。</p><p>在关注函中，深交所要求恒通科技说明公司引入中国中铁作为控股股东的原因，中国中铁与公司业务是否存在协同效应。孙志强放弃部分表决权的原因、放弃表决权的行为是否具备法律效力。孙志强与中国中铁签署的《表决权放弃协议》是否不可撤销或变更，如是，说明该协议的执行期限，以及是否设置表决权恢复条款，表决权恢复条款是否与不可撤销的承诺相冲突。</p>	4
3222255	中国中铁拟7.82亿元受让恒通科技(300374.SZ)26.51%股权成控股股东 明日复牌	<p><span>格隆汇5月26日丨恒通科技(300374.SZ)公布，2019年5月24日，公司控股股东、实际控制人孙志强先生、投资公司与中国中铁签署了《股份转让协议》。根据《股份转让协议》，孙志强先生拟转让的股份数量为2509.9万股(占公司总股本的10.21%)，投资公司拟转让的股份数量为4008.6万股(占公司总股本的16.30%)，股份转让价格为12.00元/股，股份转让总价款为7.82亿元。</span></p><p>2019年5月24日，孙志强先生与中国中铁签署了《表决权放弃协议》，孙志强先生不可撤销地放弃其持有的7529.7万股(占公司总股本的30.62%)股份的表决权。本次权益完成后，公司控股股东将由孙志强先生变更为中国中铁，公司实际控制人将变更为国务院国资委。</p><p>公司称，本次交易完成后，公司控制权将发生变更，中国中铁将成为公司控股股东，国务院国资委将成为公司实际控制人。本次交易有利于提升公司的业务拓展能力、增强公司竞争实力。本次权益变动完成后，中国中铁将以有利于公司可持续发展、有利于全体股东尤其是广大中小股东权益为出发点，进一步优化和完善公司的公司治理及产业结构，巩固和提升公司的盈利能力及可持续发展能力。</p><p>此外，公司姑婆2019年5月27日(星期一)上午开市起复牌。</p>	4
3222267	恒通科技：中国中铁拟受让公司26.51%股份 成为公司控股股东	<p>每经编辑 张益铭</p><p>恒通科技5月26日晚间公告，中国中铁通过协议转让方式拟受让公司控股股东、实际控制人孙志强、第二大股东投资公司持有的公司合计26.51%股份，每股转让价格为12.00元/股，转让价款总额为7.82亿元。同时，孙志强放弃其所持公司30.62%股份的表决权。交易后，中国中铁将成为公司控股股东，国务院国资委将成为公司的实际控制人。公司股票将自5月27日起复牌。</p>	4
3222288	恒通科技实控人拟变更为国资委	<p>恒通科技(300374,诊股)公告称，公司控股股东拟变更为中国中铁(601390,诊股)，实控人拟变更为国务院国资委，公司股票将自5月27日上午开市起复牌。</p>	4
3222308	恒通科技：公司控制权拟发生变更 27日起复牌	<p>上证报中国证券网讯（记者 骆民）恒通科技公告，公司控股股东、实际控制人孙志强及第二大股东投资公司与中国中铁签署《股份转让协议》。根据协议，孙志强拟转让的股份数量为25,099,132股（占公司总股本的10.21%），投资公司拟转让的股份数量为40,085,860股（占公司总股本的16.30%），股份转让价格为12.00元/股，股份转让总价款为782,219,904元。此外，孙志强与中国中铁签署《表决权放弃协议》，孙志强不可撤销地放弃其持有的75,297,398股（占公司总股本的30.62%）股份的表决权。本次权益变动完成后，公司控股股东将由孙志强变更为中国中铁，公司实际控制人将变更为国务院国资委。公司股票自2019年5月27日上午开市起复牌。</p>	4
3222452	恒通科技控制权拟转让给中国中铁 国资委将成公司实控人	<p><img class="ke_img" src="https://pifm.eastmoney.com/EM_Finance2014PictureInterface/Index.aspx?id=3003742&imageType=k&token=28dfeb41d35cc81d84b4664d7c23c49f&at=1" alt="empty"/></p><p>恒通科技(300374)5月26日晚间公告，中国中铁通过协议转让方式拟受让公司控股股东、实际控制人孙志强、第二大股东投资公司持有的公司合计26.51%股份。同时，孙志强放弃其所持公司30.62%股份的表决权。交易后，中国中铁将成为公司控股股东，国务院国资委将成为公司的实际控制人。公司股票将自5月27日起复牌。</p><p>公告显示，5月24日，孙志强、投资公司与中国中铁签署了《股份转让协议》。根据《股份转让协议》，孙志强拟转让的股份数量为2509.91万股，占公司总股本的10.21%。投资公司拟转让的股份数量为4008.59万股，占公司总股本的16.3%。本次股权转让的每股转让价格为12元/股，转让价款总额为7.82亿元。</p><p>5月24日，孙志强与中国中铁签署了《表决权放弃协议》，孙志强不可撤销地放弃其持有的7529.74万股股份的表决权，占公司总股本的30.62%。</p><p>本次股份转让及表决权放弃事项完成后，中国中铁直接持有公司6518.5万股股份，占公司总股本的26.51%。</p><p>公司表示，本次交易有利于提升公司的业务拓展能力、增强公司竞争实力。本次权益变动完成后，中国中铁将以有利于公司可持续发展、有利于全体股东尤其是广大中小股东权益为出发点，进一步优化和完善公司的公司治理及产业结构，巩固和提升公司的盈利能力及可持续发展能力。</p><p>郑重声明：东方财富网发布此信息的目的在于传播更多信息，与本站立场无关。</p>	4
3222486	中国中铁拟入主恒通科技 或看好装配式建筑产业	<p>【中国中铁拟入主恒通科技 或看好装配式建筑产业】5月26日晚间，恒通科技发布公告，该公司控股股东、实际控制人孙志强及第二大股东诸城晨光景泰股权投资基金有限公司(下称晨光景泰)已与中国中铁(601390)签署了《股份转让协议》。</p><p><img class="ke_img" src="https://pifm.eastmoney.com/EM_Finance2014PictureInterface/Index.aspx?id=3003742&imageType=k&token=28dfeb41d35cc81d84b4664d7c23c49f&at=1" alt="empty"/></p><p><img class="ke_img" src="https://pifm.eastmoney.com/EM_Finance2014PictureInterface/Index.aspx?id=6013901&imageType=k&token=28dfeb41d35cc81d84b4664d7c23c49f&at=1" alt="empty"/></p><p>恒通科技(300374)股东筹划的权益变动事项终于揭开面纱。</p><p>5月26日晚间，恒通科技发布公告，该公司控股股东、实际控制人孙志强及第二大股东诸城晨光景泰股权投资基金有限公司(下称晨光景泰)已与中国中铁(601390)签署了《股份转让协议》。</p><p>根据《股份转让协议》，孙志强拟转让的股份数量为2510万股(占公司总股本的10.21%)，晨光景泰拟转让的股份数量为4008万股(占公司总股本的16.30%)，股份转让价格为12元/股，股份转让总价款为7.82亿元。</p><p>与此同时，孙志强还与中国中铁签署了《表决权放弃协议》，孙志强不可撤销地放弃其持有的7530万股(占公司总股本的30.62%)股份的表决权。若此次权益变动完成后，恒通科技控股股东将由孙志强变更为中国中铁，实际控制人变更为国务院国资委。</p><p>从交易安排来看，有多项细节值得关注，一是恒通科技停牌前的价格为10.31元/股，12元/股的转让价格较前者溢价16.4%；二是在权益变动后，孙志强虽然扔持有恒通科技30.62股份，但并不持有有表决权的股份；三是晨光景泰在权益变动后不再持有恒通科技股份。</p><p>资料显示，中国中铁是中国乃至全球最大的多功能综合型建设集团之一，能够为客户提供全套工程和工业产品及相关服务，中国中铁最近三年主营业务包括基建建设、勘察设计与咨询、工程设备与零部件制造以及房地产等业务板块。</p><p>中国中铁表示，此次权益变动有助于完善公司的产业布局，完善建筑行业研发、设计、生产、施工于一体的现代化产业链条，增强建筑业集成服务能力。中国中铁称，认同恒通科技价值并看好其未来发展前景，取得控制权后，将提升恒通科技的业务拓展能力，增强恒通科技竞争实力。</p><p>值得注意的是，中国中铁还表示，在此次权益变动完成后12个月内，不排除根据证券市场整体情况并结合上市公司的发展等因素继续增持恒通科技股份。</p><p>作为此次的转让标的，恒通科技主营新型墙体材料、建筑结构材料、室内外装饰材料、园林景观材料以及集成房屋等装配式建筑产品的研发、生产、销售和组装。</p><p>2018年，恒通科技实现营收7.7亿元，同比下滑27.7%，期内净利润基本保持稳定；今年一季度，恒通科技营收、净利润双双下滑，净利润降幅超过50%。</p><p>2019年3月的一次机构调研中，恒通科技曾表示，该公司目前所处行业为木塑建材行业和装配式建筑行业。其中，木塑建材公司一般规模较小，年销量过亿的公司较少，且多以生产户外景观材料等为主。与此不同，恒通科技规模较大，产品也包含墙体材料、大型建筑构件材料等。</p><p>此外，恒通科技还是住建部认定的第一批装配式建筑产业基地，该公司采用智能制造的建造方式，在技术水平、行业影响力方面处于领先地位。</p><p>恒通科技判断，装配式建筑目前处于行业发展初期，主要还是与传统建筑的竞争。未来，装配式建筑会逐步取得对传统建筑的竞争优势，行业的竞争逐步过渡到以装配式建筑企业之间的竞争为主。由此来看，中国中铁取得恒通科技控股权的目的也变得愈加清晰。</p><p>证券时报·e公司记者注意到，孙志强此次转让的股份全部处于质押状态，但从孙志强的全部持股来看，其质押比例仅为70.75%，晨光景泰转让的股份中有93.8%处于质押状态。这就意味着，孙志强及晨光景泰的股权转让，与此前因股权质押危机而引发的上市公司股权转让的情况并不相同。</p><p>孙志强及晨光景泰并未过多谈及此次股权转让的原因，在权益变动报告书中，两者均表示，此次权益变动有助于提升恒通科技的业务拓展能力、增强上市公司竞争实力。孙志强还表示，未来12个月内暂无增持恒通科技的计划，同时，不排除继续减少其在恒通科技中拥有权益的股份的可能性。</p><p>郑重声明：东方财富网发布此信息的目的在于传播更多信息，与本站立场无关。</p>	4
3222578	恒通科技控股股东变中国中铁 实控人变国务院国资委	<p>5月26日，<strong>资本邦</strong>讯，<strong>恒通科技</strong>(300374.SZ)发布关于控股股东、第二大股东签署股份转让协议及表决权放弃协议暨公司控制权拟发生变更及公司股票复牌的提示性公告。</p><p>公告显示，2019年5月24日，恒通科技控股股东、实际控制人孙志强及第二大股东诸城晨光景泰股权投资基金有限公司(下称“投资公司”)与中国中铁股份有限公司(下称“中国中铁”)签署了《股份转让协议》。根据《股份转让协议》，孙志强拟转让的股份数量为 25,099,132股(占恒通科技总股本的10.21%)，投资公司拟转让的股份数量为40,085,860股(占恒通科技总股本的16.30%)，股份转让价格为12.00元/股，股份转让总价款为782,219,904元。</p><p>2019年5月24日，孙志强与中国中铁签署了《表决权放弃协议》，孙志强不可撤销地放弃其持有的75,297,398股(占公司总股本的30.62%)股份的表决权。本次权益完成后，恒通科技控股股东将由孙志强变更为中国中铁，公司实际控制人将变更为国务院国资委。中国中铁的股权控制关系如下图：</p><p><img class="ke_img" src="http://www.chinaipo.com/data/upload/2019/0526/21/5cea97ad29654.png" alt="empty"/></p><p>(图片来源：恒通科技公告)</p><p>恒通科技将于2019年5月27日(星期一)上午开市起复牌。</p><p>恒通科技于2015年3月19日上市，主营新型建筑材料的研发、生产、销售及组装。</p><p><strong>头图来源</strong>：123RF</p><p><strong>转载声明</strong>：本文为资本邦原创稿件，转载需注明出处和作者，否则视为侵权。</p><p><strong>风险提示</strong><strong>：</strong> 资本邦呈现的所有信息仅作为投资参考，不构成投资建议，一切投资操作信息不能作为投资依据。投资有风险，入市需谨慎!</p>	4
3090691	中国中铁(00390)：今年新增订单目标为1.8万亿人民币	<p>公司</p><p>中国中铁(00390)：今年新增订单目标为1.8万亿人民币</p><p>2019年4月9日 15:20:12</p><p>智通财经APP获悉，4月9日，中国中铁(00390)在香港举行业绩会。会上，其董事长李长进表示，今年新增订单目标为1.8万亿元人民币(下同)，按年增长约6%;希望挑战1.98万亿元。</p><p>他指出，公司参与的海外项目主要是基建项目，目前正进行的海外项目有65个。而去年海外新签订单总额达120亿美元，由于海外项目不可控因素较多，但公司所参与的均是大型项目，涉及的金额较大，因此今年保守目标为150亿美元。</p><p>他续称，各国对基建项目均有需求，受资金制约下，会寻求第三方融资，强调公司对海外项目有一套防范风险措施，在众多的海外项目中，目前只有2个项目在亏损阶段。</p><p>财报显示，2018年中国中铁收入7404亿元，按年增加7.5%;毛利717亿元，上升14.2%。利润171.98亿元，增长7%。每股盈利71.8分。每股派息0.128元。期内，新签合同额16922亿元，增长8.7%。</p><p>董事长李长进表示，去年新签订单、销售收入、利润都有40%以上的增长。他指出，去年已投入600亿元扩大房地产规模，大力发展高毛利增长的板块，未来几年会加大发展房地产板块。</p><p>对于去年业绩差过市场预期，财务总监杨良解释，主要受小数股东权益所拖累，加上2017年业务结构的因素在去年反映出来，而公司有信心今年盈利可有双位数增长。</p><p>相关股票</p><p>中国中铁003906.740-0.030-0.44%</p><p>大和：评级中国中铁(00390)“跑赢大市” 目标价下调至7.4港元陈雨4月8日花旗：内地政策利好 上调中铁建(01186)目标价至11.8元人民币陈雨4月1日中国中铁(00390)近期重大工程中标合计238.39亿元安琪儿3月29日中国中铁(00390)2018年计提各类资产减值准备82.01亿元艾尚训3月29日中国中铁(00390)2018年股东应占利润171.98亿元 同比增长7.04%胡坤3月29日</p>	5
3091622	中国中铁2018年海外签单120亿美元	<p><img class="ke_img" src="https://pifm.eastmoney.com/EM_Finance2014PictureInterface/Index.aspx?id=6013901&imageType=k&token=28dfeb41d35cc81d84b4664d7c23c49f&at=1" alt="empty"/></p><p>中国中铁股份有限公司(中国中铁)9日在香港召开2018业绩发布会。会上披露，该公司2018年各项经济指标再创历史新高，净利润同比增长22.8%，海外新签订单总额达120亿美元。</p><p>中国中铁董事长李长进在会上表示，该公司目前正进行的海外基建项目有65个，由于海外项目不可控因素较多，因此今年海外新签订单保守目标为150亿美元。</p><p>记者从发布会上获悉，中国中铁2018年不断推进资源全球配置，增进周边国家互联互通。其中，中(国)老(挝)铁路、印尼雅万高铁、孟加拉帕徳玛大桥等“一带一路”沿线重点项目建设有序进行；以设计施工总承包模式承揽的埃及斋月十日城、孟加拉帕徳玛大桥铁路连接线等项目融资到位，进入全面实施阶段；中国中铁生产的盾构等工业设备国际市场进一步拓展，销往新加坡、意大利、阿联酋等多个国家和地区。</p><p>财报数据方面，2018年中国中铁收入7404亿元(人民币，下同)，按年增加7.5%；净利润174.36亿元，增长22.8%。每股盈利71.8分。每股派息0.128元。期内，新签合同额16922亿元，增长8.7%。</p><p>李长进指出，去年新签订单、销售收入、利润都有较大增长。值得一提的是，该公司房地产开发业务贡献了56%的收入贡献和18%的利润贡献。李长进透露，去年已投入600亿元扩大房地产规模，大力发展高毛利增长的板块，未来几年会加大发展房地产板块。</p><p>针对去年业绩差过市场预期，中国中铁财务总监杨良表示，主要受小数股东权益所拖累，以及2017年业务结构的因素在去年反映出来。“公司有信心今年盈利可有双位数增长。”杨良如是说。</p>	5
3472909	世界最大、最深的全地下高铁站房竣工交付	<p><strong>2015年8月8日世界最大、最深的全地下高铁站房竣工交付</strong></p><p>2015年8月8日,由中国中铁（601390）承建的世界最大、最深的全地下高铁站房，也是全球首例单层大跨度网壳穹顶钢结构工程——于家堡高铁站竣工并完成交付。于家堡站站房的“贝壳”型大跨度穹顶南北向长143.9米，东西宽度80.9米，最高点离地面25.8米。整个站房总建筑面积约27万平方米，最深达地下65米，其中，90%的主体结构位于地下。项目建设过程中克服了基坑深、地质差、地下水多等难题，填补了国内此领域的空白，创造了一系列“世界之最”。(国资小新龚政整理)</p>	5
2912395	交银国际：续吁买入中国中铁(00390) 目标价8.78元	<p>智通财经APP获悉，交银国际发表研究报告称，预估中国中铁(00390)2019年上半年铁路和市政专案的新签合同增长将进一步改善。但鉴于2018年1季度基数较高，以及农历新年期间为项目招标淡季，该行认为公司<strong>整体新签合同额在今年1季度可能保持温和增长</strong>。</p><p>根据中国中铁，由于2018年前三季度的收入增长缓慢以及第4季度建设进度平稳，2018的总收入增长可能同比放缓。因为前三季度利润率持续改善以及4季度原材料价格稳定，该行<strong>预计公司在2018年的整体毛利率将保持在9%左右</strong>。</p><p>此外，公司管理层表示，2019年PPP投资的目标可能维持在3000亿元人民币以内。该行<strong>维持对中国中铁2018-2020年的盈利预测和</strong><strong>8.78元目标价</strong>，该行预计其2018及2019年纯利各为185亿元人民币及212亿元人民币。</p>	5
3230272	中国中铁(00390.HK)发行股份购买资产事项获中国证监会核准批复	<p><span>格隆汇5月29日丨中国中铁(00390.HK)发布公告，2019年5月29日，公司收到中国证券监督管理委员会下发的《关于核准中国中铁股份有限公司向中国国新控股有限责任公司等发行股份购买资产的批复》，批复主要内容如下：一、核准公司向中国国新控股有限责任公司发行3.8亿股A股股份、向中国长城资产管理股份有限公司发行3.66亿股</span><span>A股</span><span>股份、向中国东方资产管理股份有限公司发行2.19亿股</span><span>A股</span><span>股份、向中国国有企业结构调整基金股份有限公司发行2.19亿股</span><span>A股</span><span>股份、向穗达（嘉兴）投资合伙企业（有限合伙）发行1.75亿股</span><span>A股</span><span>股份、向中银金融资产投资有限公司发行1.17亿股</span><span>A股</span><span>股份、向中国信达资产管理股份有限公司发行7341万股</span><span>A股</span><span>股份、向工银金融资产投资有限公司发行7313万股</span><span>A股</span><span>股份、向交银金融资产投资有限公司发行7313万股</span><span>A股</span><span>股份购买相关资产。</span></p><p>公司董事会将按照相关法律法规的规定、中国证监会批复文件的要求和公司股东大会的授权，在规定期限内办理本次发行股份购买资产的相关事宜，并及时履行信息披露义务。</p>	5
2972120	中国中铁：截至目前在委内瑞拉项目顺利开展未受影响	<p>同花顺（300033）财经3月1日讯，有投资者向中国中铁（601390）提问，尊敬的董秘您好！关注到近几日委内瑞拉局势动荡，想请教一下：目前贵司在委内瑞拉是否还有未完工的在建项目？进度如何？</p><p>公司回答表示，近年来公司一直高度关注委内瑞拉局势变化，注意在施项目和人员安全，及时采取相应措施，截至目前在委内瑞拉项目顺利开展，未受影响。</p>	5
3138134	中证监恢复对中国中铁(00390)发行股份购买资产行政许可申请的审查	<p>智通财经APP讯，中国中铁(00390)发布公告，该公司根据《中国证券监督管理委员会行政许可实施程序规定》第二十三条的有关规定于2019年4月19日向中国证监会提交了《中国中铁股份有限公司关于恢复审查发行股份购买资产申请文件事宜的请示》。</p><p>2019年4月24日，公司收到了中国证监会下发的《中国证监会行政许可申请恢复审查通知书》(182019号)，中国证监会依法对公司提交的恢复本次发行股份购买资产审查的申请进行了审查，认为申请符合恢复审查条件，根据《中国证券监督管理委员会行政许可实施程序规定》第二十三条的有关规定，决定恢复对公司发行股份购买资产行政许可申请的审查。</p>	5
3138136	中国中铁(00390.HK)：收到《中国证监会行政许可申请恢复审查通知书》	<p>格隆汇4月24日丨<span>中国中铁(00390.HK)4月24日发布公告，针对公司正在开展的市场化债转股相关的发行股份购买资产事宜，公司于2019年1月30日根据有关规定向中国证监会提交了《中国中铁股份有限公司关于中止审查发行股份购买资产申请文件事宜的请示》，主动申请中国证监会中止对公司本次发行股份购买资产的审查。</span></p><p>目前，鉴于本次发行股份购买资产涉及的财务数据更新及补充尽职调查等相关事项已经落实。公司根据有关规定于2019年4月19日向中国证监会提交了《中国中铁股份有限公司关于恢复审查发行股份购买资产申请文件事宜的请示》。2019年4月24日，公司收到了中国证监会下发的《中国证监会行政许可申请恢复审查通知书》（182019号），中国证监会依法对公司提交的恢复本次发行股份购买资产审查的申请进行了审查，认为申请符合恢复审查条件，根据有关规定，决定恢复对公司发行股份购买资产行政许可申请的审查。</p>	5
3138170	中国中铁(00390)：“19铁工03”将于4月26日在上交所上市交易	<p>智通财经APP讯，中国中铁(00390)发布公告，该公司公开发行的2019年公司债券(第二期)(品种一)将于2019年4月26日在上交所上市交易。</p><p>据悉，改期债券简称为“19铁工03”，发行总额为13亿元，期限为3年，票面年利率为3.4%。</p>	5
3138186	中国中铁(00390.HK)“19铁工03”将于4月26日在上交所电子平台上市	<p><span>格隆汇4月24日丨中国中铁(00390.HK)公布，公司发行的2019年公司债券（第二期）（品种一）符合上交所公司债券上市条件，将于2019年4月26日起在上交所交易市场集中竞价系统和固定收益证券综合电子平台上市。据悉，该债券发行总额13亿元人民币，期限3年，年利率3.4%。</span></p>	5
3138198	中国中铁(00390.HK)22亿元公司债4月26日挂牌上交所	<p>格隆汇4月24日丨<span>中国中铁(00390.HK)公布，根据上海证券交易所债券上市的有关规定，中国中铁股份有限公司发行的中国中铁股份有限公司公开发行2019年公司债券(第二期)(品种二)符合上海证券交易所公司债券上市条件，将于2019年4月26日起在上海证券交易所交易市场集中竞价系统和固定收益证券综合电子平台上市，并面向合格投资者交易。</span></p><p><span>据悉，该期债券简称为"19铁工04"，代码为"155332"，发行规模为人民币22亿元，为期3年，利率为3.70%。</span></p>	5
3231366	中国中铁(00390)发行股份购买资产事项获得中证监核准批复	<p>智通财经APP讯，中国中铁(00390)公告，2019年5月29日，中国中铁股份有限公司收到中国证券监督管理委员会(简称“中国证监会”)下发的《关于核准中国中铁股份有限公司向中国国新控股有限责任公司等发行股份购买资产的批复》。批复主要内容如下：</p><p>核准公司向中国国新控股有限责任公司发行3.8亿股股份、向中国长城资产管理股份有限公司发行3.66亿股股份、向中国东方资产管理股份有限公司发行2.19亿股股份、向中国国有企业结构调整基金股份有限公司发行2.19亿股股份、向穗达(嘉兴)投资合伙企业(有限合伙)发行1.75亿股股份、向中银金融资产投资有限公司发行1.17亿股股份、向中国信达资产管理股份有限公司发行7341万股股份、向工银金融资产投资有限公司发行7313万股股份、向交银金融资产投资有限公司发行7313万股股份购买相关资产。</p><p>批复自下发之日起12个月内有效。</p><p>公司董事会将按照相关法律法规的规定、中国证监会批复文件的要求和公司股东大会的授权，在规定期限内办理本次发行股份购买资产的相关事宜，并及时履行信息披露义务。</p>	5
3094505	中国中铁：拟发行35亿元公司债券 利率尚未确定	<p>中国网地产讯 10日上午，中国中铁公告称，公司拟公开发行2019年第二期公司债券，发行规模不超过人民币35亿元（含35亿元）。</p><p>募集说明书显示，本期债券分为两个品种，品种一为3年期，附第1年末和第2年末投资者回售选择权和发行人票面利率调整选择权；品种二为3年期，附第2年末投资者回售选择权和发行人票面利率调整选择权。本期债券为固定利率债券，采用单利按年计息，不计复利。票面利率将根据网下询价结果，由发行人与主承销商协商确定。中金公司为本期债券的牵头主承销商、簿记管理人及债券受托管理人，摩根士丹利华鑫证券为债券的联席主承销商。此外，本期债券拟上市地为上海证券交易所。</p><p>中国中铁表示，本期债券募集资金扣除发行费用后拟用于偿还公司及下属公司有息债务、补充流动资金。</p>	5
3094600	35亿元！中国中铁公开发行2019年公司债券（第二期）	<p>4月10日，中国中铁(601390.SH)发布公开发行 2019 年公司债券(第二期)发行公告。</p><p>中国中铁本次债券采取分期发行的方式，其中中国中铁公开发行2019年公司债券(第二期)(以下简称“本期债券”)发行规模为不超过人民币35亿元(含35亿元)。</p><p>发行人本期债券每张面值为100元，共计不超过3,500万张(含3,500万张)，发行价格为100元/张。</p><p><img class="ke_img" src="http://xqimg.imedao.com/16a054927c6433763f58f827.jpg" alt="empty"/></p><p>经联合信用评级有限公司综合评定，发行人的主体信用等级为AAA级，本期债券的信用等级为AAA级。本期债券上市前，本公司最近一期末的净资产为1,917.82亿元(截至2018年12月31日未经审计合并报表股东权益合计)；本期债券上市前，公司最近三个会计年度实现的年均可分配利润为152.58亿元(2016年、2017年及2018年合并报表中归属于母公司股东的净利润平均值)，预计不少于本期债券的一年利息的1.5倍。发行人在本次发行前的财务指标符合相关规定。</p><p>本期债券无担保。</p><p>本期债券为固定利率债券，采用单利按年计息，不计复利。本期债券品种一票面利率询价区间为3.0%-3.8%，品种二票面利率询价区间为3.1%-3.9%。本期债券票面利率将根据网下询价簿记结果，由发行人和簿记管理人按照国家有关规定在利率询价区间内确定。</p>	5
3094661	中国中铁(00390.HK)拟发行不超35亿元公司债	<p>格隆汇4月10日丨中国中铁(00390.HK)公布，公司将于2019年4月12日-4月15日发行不超人民币35亿元的2019年公司债券(第二期)，募资净额拟用于偿还公司及下属公司有息债务和/或补充流动资金。</p><p>其中品种一债券期限为1+2，票面利率询价区间为3.0%-3.8%；品种二债券期限为2+1，票面利率询价区间为3.1%-3.9%。</p>	5
3095062	国君（香港）：升中国中铁(00390)目标价至9.00港元 维持“买入”评级	智通财经APP获悉，国泰君安（香港）发表报告，将中国中铁(00390)目标价上调至9.00港元，对应8.9/ 8.3/ 7.8倍的2019/ 2020/ 2021年市盈率，维持“买入”评级。报告指出，因为财务费用高于预期，公司2018年收入同比增长7.5%至7，404亿元(人民币，下同)。股东净利同比增长7.0%至172亿元。业绩逊于预期，整体毛利率同比提高0.6个百分点至9.7%。公司2018年新签合同共16922亿元，同比增长8.7%。截至2018年12月31日，公司获得订单共29019亿元，同比增长12.8%。该行预计，在2018-2021年间，基建建设收入将实现9.1%的年均复合增长率，咨询服务和制造收入将实现10%的年均复合增长率。此外，整体毛利率将会从2018年的9.7%提高至2021年的10.1%，而直到2021年杠杆比率仍可维持低于80%。对2019至2021年三年的每股盈利预测分别为人民币0.862元、0.918元及0.980元。因基建投资增加的前景更为确定，以及借贷成本或将逐步降低，公司2019年业绩将更趋乐观。<img class="ke_img" src="https://img.zhitongcaijing.com/image/20190410/1554877299713144.png?x-oss-process=image/format,jpg/quality,Q_90" alt="empty"/>	5
3295350	中国中铁股份有限公司第四届监事会第十七次会议决议公告	<p>A股代码：601390 A股简称：中国中铁公告编号：临2019-042</p><p>H股代码：00390 H股简称：中国中铁</p><p>本公司监事会及全体监事保证本公告内容不存在任何虚假记载、误导性陈述或者重大遗漏，并对其内容的真实性、准确性和完整性承担个别及连带责任。</p><p>一、监事会会议召开情况</p><p>中国中铁股份有限公司第四届监事会第十七次会议〔属2019年第2次临时会议(2019年度总第4次)〕通知和议案等书面材料于2019年6月14日以专人及发送电子邮件方式送达各位监事，会议于2019年6月24日以现场会议方式在北京市海淀区复兴路69号中国中铁广场A座召开。应出席会议的监事5名，实际出席会议的监事5名。会议由监事会主席张回家主持。部分高级管理人员及有关人员列席了会议。会议的召开符合有关法律、行政法规、部门规章、规范性文件和《公司章程》的规定。</p><p>二、监事会会议审议情况</p><p>经过有效表决，会议审议通过了《中铁设计与中国铁设签订等3项合同的议案》，同意控股子公司中铁工程设计集团有限公司与中国铁路设计集团有限公司分别以235.984万元、469.466万元和30万元的合同价格签署《石家庄市城市轨道交通3号线二期工程(3211标信号系统)设计合同》《石家庄市城市轨道交通3号线二期工程(3212标供电系统)设计合同》和《洛阳市轨道交通2号线下穿铁路安全评估》三项合同。合同履行过程中如遇合同内容发生变更，同意授权中铁设计根据实际情况变更关联交易金额，调整幅度不得超过合同金额的±100%。</p><p>表决结果：5票同意、0票反对、0票弃权。</p><p>特此公告。</p><p>中国中铁股份有限公司监事会</p><p>2019年6月26日</p>	5
3232794	高铁基建股普涨 中国中铁(0390.HK)获批发新股以购买资产	<p>格隆汇5月30日丨高铁基建股普涨。中国中铁(0390.HK)升1.6%领涨，中国铁建(1186.HK)、中国交通建设(1800.HK)涨逾1%。</p><p><img class="ke_img" src="http://xqimg.imedao.com/16b075992b64c953fd519c1f.png" alt="empty"/></p><p>(行情来源：富途证券)</p><p>中国中铁昨日晚间公布，获中国证监会批复，核准公司向包括中国国新控股、中国长城资产管理等，发行约17亿股股份以购买资产。此外，根据此前公告，中国中铁今日下午3-4时将以网络在线互动的形式召开2018年度现金分红说明会。</p><p>东海证券昨日发布建筑行业5月动态报告称，建筑行业业绩有望随新签合同增速回升而改善。国务院常会提出加大基建补短板力度，2019 年基建投资有望实现中等增速，推荐基建投资机会。</p><p>此外民生证券亦指，建筑行业估值已低于去年政策面改善前水平，基建投资基本已成稳增的新常态。</p>	5
3476052	【增减持】中国中铁(00390.HK)获摩根大通增持466.69万股	<p>格隆汇获悉，根据港交所最新权益披露资料显示，2019年8月2日，中国中铁(00390.HK)获JP Morgan Chase & Co.以每股均价 5.4390港元，增持466.69万股，总价约2535.31万港元。</p><p>增持后，JP Morgan Chase & Co.持有权益的股份数目214,733,763，占已发行的有投票权股份百分比5.10%。</p><p><img class="ke_img" src="http://xqimg.imedao.com/16c7095d9a45aa23fdd73693.png" alt="empty"/></p>	5
3234560	中国中铁(00390)拟发行16.96亿股A股收购中铁二局等系列公司少数权益	<p><img class="ke_img" src="https://pifm.eastmoney.com/EM_Finance2014PictureInterface/Index.aspx?id=6013901&imageType=k&token=28dfeb41d35cc81d84b4664d7c23c49f&at=1" alt="empty"/></p><p><img class="ke_img" src="https://pifm.eastmoney.com/EM_Finance2014PictureInterface/Index.aspx?id=003905&imageType=k&token=28dfeb41d35cc81d84b4664d7c23c49f&at=1" alt="empty"/></p><p>中国中铁(00390)公告，中国中铁拟分别向中国国新、中国长城、中国东方、结构调整基金、穗达投资、中银资产、中国信达、工银投资和交银投资发行股份购买上述9名交易对方合计持有的中铁二局25.32%的股权、中铁三局29.38%的股权、中铁五局26.98%的股权、中铁八局23.81%的股权。此次交易完成后，标的公司将成为中国中铁的全资子公司。</p><p>中国中铁此次发行股份为境内上市的人民币A股普通股。此次发行股份购买资产发行价格按照不低于首次董事会决议公告日前20个交易日股票交易均价的90%的原则，经各方协商一致确定为6.87元/股。此次交易标的资产评估值总计为116.5亿元，中国中铁将向中国国新等9名交易对方发行股份总数为16.96亿股。</p><p>此次交易系中国中铁收购控股子公司中铁二局、中铁三局、中铁五局和中铁八局的少数股东权益。此次交易前后，中国中铁的合并财务报表范围未发生变化，但中铁二局、中铁三局、中铁五局和中铁八局的净资产及经营业绩计入归属于上市公司股东的净资产和净利润的比例将提升。未来中铁二局、中铁三局、中铁五局和中铁八局经营业绩的改善以及减轻财务负担效用体现，有助于提升归属于上市公司股东的净资产和净利润规模，为上市公司全体股东创造更多价值。</p><p>郑重声明：东方财富网发布此信息的目的在于传播更多信息，与本站立场无关。</p>	5
3140914	中国中铁：22亿元公司债券将于4月26日于上交所上市交易	<p>中国网地产讯 25日早间，中国中铁发布公告称，公司公开发行2019年第二期公司债券（品种二）符合上交所债券上市条件，将于4月26日起在上交所交易市场集中竞价系统和固定收益证券综合电子平台上市，并面向合格投资者交易。</p><p>据公告显示，本期债券简称“19铁工04”，债券代码154332，发行总额22亿元，有效期限3年，票面年利率3.70%；发行价格每张100元。</p>	5
2875223	中国中铁(00390.HK)近期中标近376亿元重大工程	<p>格隆汇1月28日丨<span>中国中铁(00390.HK)宣布，公司近期中标多项国内、海外重大工程，中标价合计约人民币375.94亿元，约占公司中国会计准则下2017年营收的5.45%。</span></p>	5
2875296	中国中铁(00390.HK)2018年新签合同额升8.7%至16921.6亿元	<p>格隆汇1月28日丨<span>中国中铁(00390.HK)公布2018年第四季度主要经营数据。于2018年10-12月新签合同额7408.6亿元，同比增长12.4%。于2018年1-12月，新签合同额16921.6亿元，同比增长8.7%。</span></p>	5
2835194	中国中铁(00390)2019年公司债券(第一期)最终票面利率为3.68%	<p>智通财经APP讯，中国中铁(00390)公布，公司公开发行2019 年公司债券(第一期)发行规模为不超过人民币 30 亿元(含 30 亿元)。2019 年 1 月 15 日，发行人和主承销商在网下向合格投资者进行了票面利率询价。根据网下向合格投资者询价结果，经发行人和主承销商协商一致，最终确定本期债券品种二回拨至品种一，本期债券品种一的最终票面利率为 3.68%。</p>	5
2835195	中国中铁(00390.HK)19年第一期公司债品种一票面利率3.68%	<p>格隆汇1月16日丨<span>中国中铁(00390.HK)发布公告，经核准中国中铁获准面向合格投资者公开发行总额不超过人民币200亿元(含200亿元)公司债券，采用分期发行方式，其中中国中铁股份有限公司公开发行2019年公司债券(第一期)发行规模为不超过人民币30亿元(含30亿元)。</span></p><p>公告显示，本期发行的公司债券有两个品种：品种一为3年期债券，品种二为5年期债券。两个品种间可以进行相互回拨，回拨比例不受限制，两个品种合计发行规模不超过30亿元(含30亿元)。</p><p>据悉，最终确定本期债券品种二回拨至品种一，本期债券品种一的最终票面利率为3.68%。</p>	5
2835446	中国中铁：发行30亿元公司债券 票面利率为3.68%	<p><img class="ke_img" src="https://pifm.eastmoney.com/EM_Finance2014PictureInterface/Index.aspx?id=6013901&imageType=k&token=28dfeb41d35cc81d84b4664d7c23c49f&at=1" alt="empty"/></p><p>1月16日午间，中国中铁发布《2019年公司债券(第一期)票面利率公告》。经发行人和主承销商协商一致，最终确定本期债券品种二回拨至品种一，本期债券品种一的最终票面利率为3.68%，有效期为3年。</p><p>发行人将按上述票面利率于1月16日和1月17日面向合格投资者网下发行本期债券，发行规模为不超过人民币30亿元(含30亿元)。</p><p>中国中铁表示，本期债券募集资金扣除发行费用后拟用于偿还公司及下属公司有息债务或补充流动资金。</p>	5
2875332	中国中铁(00390.HK)“16铁工01”回售申报金额达9.15亿元	<p>格隆汇1月28日丨中国中铁(00390.HK)公布，根据中国证券登记结算有限责任公司上海分公司对“16铁工01”回售情况的统计，该期债券的回售有效申报数量为91.5万手，回售金额为人民币9.15亿元(不含利息)。</p><p>2019年1月28日为此次回售申报的资金发放日。此次回售实施完毕后，“16铁工01”在上海证券交易所上市并交易的数量为113.5万手(总面值人民币11.3亿元)。</p>	5
2875420	中国中铁：“16铁工01”债券回售91.5万手 涉资9.15亿元	<p><img class="ke_img" src="https://pifm.eastmoney.com/EM_Finance2014PictureInterface/Index.aspx?id=6013901&imageType=k&token=28dfeb41d35cc81d84b4664d7c23c49f&at=1" alt="empty"/></p><p>1月28日下午，中国中铁发布“16铁工01”公司债券回售结果，根据中国证券登记结算有限责任公司上海分公司对本期债券回售情况的统计，“16铁工01”公司债券的回售有效申报数量为91.5万手，回售金额为人民币9.15亿元(不含利息)。</p><p>有效回售申报一经确认后不能撤销，相应的债券将被冻结交易，直至本次回售实施完毕后相应债券被注销。在回售资金发放日之前，如发生司法冻结或扣划等情形，债券持有人的该笔回售申报业务失效。</p><p>2019年1月28日为本次回售申报的资金发放日。本次回售实施完毕后，“16铁工01”在上海证券交易所上市并交易的数量为113.5万手(总面值人民币11.35亿元)。</p>	5
2875522	中国中铁：2018年房地产业务签约金额530亿元 土储同比增247.1%	<p>中国网地产讯 28日晚间，中国中铁披露四季度经营简报。公告称，2018年累计新签合同金额1.69万亿，同比增长8.7%。</p><p>其中基建建设合同金额1.43万亿元，同比增长5.9%；房地产开发业务新签合同金额530.3亿元，同比增长47.1%。签约面积432万平方米，同比增加27.2%。</p><p>新增土地储备面积323.99万平方米，同比增长247.1%；开工面积497万平方米，同比增加29.1%；竣工面积432万平方米，同比增加64.7%；</p>	5
3220540	中国中铁(00390.HK)拟收购恒通科技(300374.SZ)控制权	<p>格隆汇5月24日丨<span>中国中铁(00390.HK)发布公告，公司召开董事会议，审议通过《关于收购恒通科技控制权的议案》，同意公司以协议转让和原股东表决权放弃的方式收购恒通科技(300374.SZ)控制权。</span></p><p>同意公司以协议转让方式按12元/股的价格受让孙志强持有的恒通科技约2509.91万股股份、诸城晨光景泰股权投资基金有限公司持有的恒通科技约4008.59万股股份，同意接受孙志强放弃其持有的余下股份表决权，并同意签署《股份转让协议》、《表决权放弃协议》。授权公司董事长及董事长授权的人士签署与本次交易的相关文件、全权办理本次交易相关的信息披露及审批事项并协助办理恒通科技股份过户登记等事宜。</p>	5
3220710	中国中铁(00390)拟收购深交所上市公司恒通科技控制权	<p>智通财经APP讯，中国中铁(00390)公告，董事会审议通过《关于收购恒通科技控制权的议案》，同意公司以协议转让和原股东表决权放弃的方式收购在深圳证券交易所上市的上市公司北京恒通创新赛木科技股份有限公司(简称恒通科技，300374.SZ)控制权。</p><p>同意公司以协议转让方式按12元/股的价格受让孙志强持有的恒通科技2509.9万股股份、诸城晨光景泰股权投资基金有限公司持有的恒通科技4008.6万股股份，同意接受孙志强放弃其持有的余下股份表决权，并同意签署《股份转让协议》、《表决权放弃协议》。授权公司董事长及董事长授权人士签署与本次交易的相关文件、全权办理本次交易相关的信息披露及审批事项并协助办理恒通科技股份过户登记等事宜。</p>	5
3071943	花旗：降中铁(00390.HK)目标价至8.5元去年末季业绩逊	<p>格隆汇4月1日丨<span>花旗发表报告指，中铁(00390.HK)</span><span>去年纯利按年增长7%至164亿元人民币逊预期，逊市预期12%，主要由于去年第四季盈利按年降18%，对比首季、次季及第三季盈利按年分别增长24%、26%及5%，因此降今明两年盈测8%-10%，目标价相应自8.8港元稍下调至8.5港元，评级维持：“买入”。</span></p>	5
3072579	花旗：中铁(00390)目标价微降至8.5元 评级维持“买入”	智通财经APP获悉，花旗发表报告指，将中铁(00390)目标价自8.8元微降至8.5元，评级维持“买入”。2018年纯利按年增长7%至164亿元人民币低于预期，低于市场预期12%，主要由于去年第四季盈利按年降18%，对比首季、次季及第三季盈利按年分别增长24%、26%及5%，因此降低今明两年盈测8%-10%。<img class="ke_img" src="https://img.zhitongcaijing.com/image/20190401/1554116334185182.png?x-oss-process=image/format,jpg/quality,Q_90" alt="empty"/>	5
3143590	中国中铁(00390)首季新签合同额3132.9亿元 同比微增0.3%	<p>智通财经APP讯，中国中铁(00390)发布2019年首季经营数据，新签合同额同比增长0.3%至3132.9亿元人民币(单位下同);其中，基础设施建设新签合同额同比增长3.7%至2705.8亿元;房地产开发新签合同额同比增长6.1%至97.9亿元。</p>	5
3143600	中国中铁(00390.HK)：中证监将于近日审核公司发行股份购买资产事项	<p>格隆汇4月25日<span>丨</span><span>中国中铁(00390.HK)公布，公司于2019年4月25日收到中国证监会通知，中国证监会上市公司并购重组审核委员会(以下简称"并购重组委")将于近日召开工作会议，审核公司发行股份购买资产事项，会议具体时间以中国证监会官网公告为准。</span></p><p><span>根据《上市公司重大资产重组管理办法》、《关于完善上市公司股票停复牌制度的指导意见》等相关规定，公司A股股票将于并购重组委工作会议召开当天停牌。</span></p>	5
2876516	中国中铁(00390)近期合计中标375.9亿元工程项目	<p>智通财经APP讯，中国中铁(00390)发布公告，近期，该公司中标多项重大工程，中标价合计约人民币375.9亿元，约占公司中国会计准则下2017年营业收入的5.45%。</p><p>其中中标金额较大项目：中铁二局中标新建北京至唐山铁路北京至宝坻(不含)段站前工程施工总价承包JTZQ-2标，中标金额达51.28亿元人民币。</p><p>中铁八局中标新建南昌经景德镇至黄山铁路站前工程CJHZQAH-2标段，中标金额达25.23亿元人民币。</p><p>中铁四局中标新建黄冈至黄梅铁路站前工程3标，中标金额达19.95亿元人民币。</p><p>中铁七局及第三方联合中标遵义市播州区紫薇园项目勘察设计施工一体化(EPC)总承包，中标金额达28.58亿元人民币。</p><p>此外，中国中铁、中铁隧道局、中铁一局、中铁二局、中铁北京局联合中标珠三角城际轨道交通琶洲支线施工总价承包PZH-1标，中标金额达27.47亿元人民币。</p>	5
2876647	中国中铁(00390)2018年新签合同额增长8.7%至1.69万亿元	<p>智通财经APP讯，中国中铁(00390)公告，2018年10-12月，公司新签合同额人民币(单位下同)7408.6亿元，同比增长12.4%。2018年累计新签合同额16921.6亿元，同比增长8.7%。</p><p>其中2018年房地产开发累计签约金额530.3亿元，同比增长47.1%。</p>	5
3100183	中国中铁(00390.HK)主体长期信用等级维持“AAA”	<p>格隆汇4月11日丨<span>中国中铁(00390.HK)公布，公司主体长期信用等级维持“AAA”，评级展望维持“稳定”。</span></p>	5
2878359	中国中铁中标多项工程项目涉资375.9亿元	<p><img class="ke_img" src="http://i3.hexun.com/2019-01-29/196018865.gif" alt="empty"/></p><p>中国中铁（00390-HK）公布，中标合共28项内地及海外工程，中标价合计为375.94亿元人民币，约占中国会计准则下2017年营业收入的5.45%。</p><p>（责任编辑：张洋 HN080）</p>	5
3102498	中国中铁(00390.HK)2019年第二期公司债品种一及品种二票息为3.40%及3.70%	<p>格隆汇4月12日丨中国中铁(00390.HK)宣布，2019年4月11日，发行人和主承销商最终确定2019年公司债券(第二期)品种一的最终票面利率为3.40%，品种二的最终票面利率为3.70%。发行人将按上述票面利率于2019年4月12日和2019年4月15日面向合格投资者网下发行该期债券。</p>	5
3102523	中国中铁(00390)2019年公司债券(第二期)票面利率为3.40%至3.70%	<p>公告</p><p>中国中铁(00390)2019年公司债券(第二期)票面利率为3.40%至3.70%</p><p>2019年4月12日 11:56:46 查看PDF原文</p><p>智通财经APP讯，中国中铁(00390)发布公告，公开发行2019年公司债券(第二期)发行规模为不超过人民币35亿元(含35亿元)。最终确定本期债券品种一的最终票面利率为3.40%，品种二的最终票面利率为3.70%。</p><p>相关股票</p><p>中国中铁003906.490-0.090-1.37%</p><p>国君（香港）：升中国中铁(00390)目标价至9.00港元 维持“买入”评级陈雨4月10日中国中铁(00390)拟发行不超过35亿元公司债券胡坤4月10日中国中铁(00390)：今年新增订单目标为1.8万亿人民币刘瑞4月9日大和：评级中国中铁(00390)“跑赢大市” 目标价下调至7.4港元陈雨4月8日花旗：内地政策利好 上调中铁建(01186)目标价至11.8元人民币陈雨4月1日</p>	5
3102708	中国中铁2019年第二期公司债券票息为3.40%至3.70%	<p><img class="ke_img" src="http://i6.hexun.com/2019-04-12/196803606.gif" alt="empty"/></p><p>新浪港股讯 中国中铁发布公告，公开发行2019年公司债券(第二期)发行规模为不超过人民币35亿元(含35亿元)。最终确定本期债券品种一的最终票面利率为3.40%，品种二的最终票面利率为3.70%。</p><p><img class="ke_img" src="http://xqimg.imedao.com/16a100bcd733b843fe4d178d.png" alt="empty"/></p><p>（责任编辑： HN666）</p>	5
3131857	大和：下调中铁(00390.HK)目标价至7.3港元 评级“跑赢大市”	<p>格隆汇4月23日丨<span>大和发表报告指，早前曾与中国中铁(00390.HK)</span><span>在东京举行路演，总体而言，集团管理层对今年的铁路、城市交通、海外基建及房地产业务前景均有信心，而且认为可良好控制成本。该行表示，中铁预期财务成本的升势将在今年正常化，主因首季的财务成本有所下降，亦再没有会计准则改变造成的负面影响，公司并料今年减值损失将减少。另外，集团亦看好其在海外的扩张，今年海外新订单目标为1,500亿元人民币，相当于按年增长逾30%。</span></p><p>大和下调对中铁今明两年的核心每股盈利预测2%至3%，以反映最新的预测，股份目标价则由7.4港元轻微下调至7.3港元，评级维持“跑赢大市”<span>。</span></p><p><img class="ke_img" src="https://img3.gelonghui.com/201904/p20190423123056342.png?x-oss-process=style/wm" alt="empty"/></p>	5
3132049	大和：微降中国中铁(00390)目标价至7.3港元 评级维持“跑赢大市”	<p>研究</p><p>大和：微降中国中铁(00390)目标价至7.3港元 评级维持“跑赢大市”</p><p>2019年4月23日 13:59:05</p><p>智通财经APP获悉，大和发表报告，将中国中铁(00390)股份目标价则由7.4港元轻微下调至7.3港元，评级维持“跑赢大市”，下调今明两年的核心每股盈利预测2%至3%，以反映最新的预测。</p><p>该行早前曾与中国中铁在东京举行路演，总体而言，集团管理层对2019年的铁路、城市交通、海外基建及房地产业务前景均有信心，而且认为可良好控制成本。</p><p>该行表示，因首季的财务成本有所下降，加上没有会计准则改变造成的负面影响，中铁预期财务成本的升势将在今年正常化。集团预计今年减值损失将减少，并看好其在海外的扩张，今年海外新订单目标为1500亿元人民币，相当于按年增长逾30%。</p><p><img class="ke_img" src="http://img.zhitongcaijing.com/image/20190423/1555998831476041.png?x-oss-process=image/format,jpg/quality,Q_90" alt="empty"/></p><p><img class="ke_img" src="http://xqimg.imedao.com/16a48c8687974803fe285f98.png" alt="empty"/></p><p>（更多最新最全港美股资讯，请点击下载智通财经App）</p><p>相关股票</p><p>中国中铁003906.310-0.090-1.41%</p><p>大和：维持长建(01038)“买入”评级 目标价73港元陈雨4月18日大和：上调电能(00006)目标价至54港元 升至“持有”评级陈雨4月18日大和：上调港灯(02638)评级至“逊于大市” 微升目标价至6.65港元陈雨4月18日大和：维持国泰(00293)目标价16港元 评级“买入”陈雨4月17日大和：料东方航空(00670)今年收益将改善 予H股“优于大市”评级陈雨4月17日</p>	5
3132586	中国中铁：拟发行不超过20亿的中期票据 用于偿还银行借款	<p>中国网地产讯 4月23日，上海清算所发布披露称，中国中铁为降低公司财务成本，保障公司长期发展，拟发行2019年度第二期中期票据。本期中期票据基础发行规模10亿元人民币，发行金额上限20亿元，募集资金扣除发行费用后，全部用于偿还公司及下属公司银行借款。</p><p>募集说明书显示，本次中期票据的发行期限为2年，4月29日为起息日，将于4月30日上市流通，付息日为每年的4月29日，兑付日为2021年4月29日。票面利率为固定利率，由集中簿记建档结果确定；将采用实名制记账式，在银行间市场清算所有限公司进行登记托管。</p><p>本次中期票据由主承销商组织承销团，通过集中簿记建档，集中配售方式在全国银行间债券市场发行。上海清算所为本期中期票据的托管机构，主承销商、簿记管理人为平安银行，将以余额包销的方式承销本期中期票据。</p><p>需要注意的是，本次中期票据发行人中国中铁承诺未来的募集资金将用于符合国家法律法规及政策要求的企业生产经营活动；公司承诺发行债务融资工具所募集的资金严禁进入证券、期货市场、土地、房地产、固定资产及股本权益性投资等国家规定进入领域，所募集的资金不用于房地产的土地储备、房地产项目开发建设、偿还房地产项目开发贷款等与房地产相关的业务，不用于股权投资、购买金融理财产品，不存在隐性强制分红情况。</p>	5
3269035	【增减持】中国中铁(00390.HK)获摩根大通增持1374.41万股	<p>格隆汇获悉，根据港交所最新权益披露资料显示，2019年6月11日，中国中铁(00390.HK)获JP Morgan Chase & Co.以每股均价6.1664港元，增持1374.41万股，总价约8475.13万港元。</p><p>增持后，JP Morgan Chase & Co.持有权益的股份数目259,672,396，占已发行的有投票权股份百分比6.17%。</p><p><img class="ke_img" src="https://img3.gelonghui.com/9dd02-4d584587-59a3-4a2c-adc0-bd7e6c7606df.png?x-oss-process=style/wm" alt="empty"/></p>	5
2918495	【增减持】中国中铁(00390.HK)遭摩根大通减持106.89万股	<p>格隆汇获悉，根据港交所最新权益披露资料显示，2019年2月11日，中国中铁(00390.HK)遭 JP Morgan Chase & Co.场内以每股均价7.3468港元，减持106.89万股，总价约785.3万港元。</p><p>减持后，JP Morgan Chase & Co.持有权益的股份数目252,069,710股，占已发行的有投票权股份百分比5.99%。</p><p><img class="ke_img" src="https://img3.gelonghui.com/7a5ce-e56af792-0998-482c-87a1-6cdf40066416.png?x-oss-process=style/wm" alt="empty"/></p>	5
3168047	中国中铁逾百亿重组事项无条件过会	<p>筹划拟近117亿元收购中铁二局、中铁三局等四家公司部分股权数月之后，5月5日晚间，证监会官网显示，中国中铁(601390)发行股份购买资产事项获无条件通过。<br/> 　　根据中国中铁最新披露的发行股份购买资产报告书(修订稿)显示，公司拟分别向中国国新、中国长城、中国东方、结构调整基金、穗达投资、中银资产、中国信达、工银投资和交银投资发行股份购买上述9名交易对方合计持有的中铁二局25.32%的股权、中铁三局29.38%的股权、中铁五局26.98%的股权、中铁八局 23.81%的股权。本次交易完成后，标的公司将成为中国中铁的全资子公司。<br/> 　　公告显示，本次交易标的资产评估值总计为116.55亿元，中国中铁将向中国国新等9名交易对方发行股份总数为16.96亿股。<br/> 　　据悉，中国中铁是全球最大的多功能综合型建设集团之一，能够为客户提供全套工程和工业产品及相关服务。对于上述交易的目的，中国中铁表示，将进一步增强对标的公司的控制力；增强竞争力和持续经营能力；提升上市公司利润水平，保障全体股东利益。</p>	5
3405608	中国中铁(00390-HK)被摩根大通减持189.5万股	<p><img class="ke_img" src="http://xqimg.imedao.com/16c185460c995883fe412603.jpg" alt="empty"/></p><p>【财华社讯】港交所权益资料显示，中国中铁(00390-HK)被摩根大通JPMorgan Chase & Co.于7月15日以每股平均价5.5815港元减持约189.5万股，涉资约1057.68万港元。减持后，摩根大通的最新持股数目为208,600,118股，持股比例由5.00%降至4.95%。</p><p>(责任编辑：finet)</p>	5
3406358	中国中铁(00390.HK)近期中标284亿元重大工程	<p><span>格隆汇7月22日丨中国中铁(00390.HK)公布，近期，公司中标多项重大工程，工程中标价合计约人民币284亿元，约占该公司中国会计准则下2018年营业收入的3.85%。</span></p>	5
3147570	证监会：中国中铁重组事项5月5日上会	<p>证券时报e公司讯，证监会披露，证监会并购重组委定于5月5日召开工作会议，审核中国中铁(601390,诊股)发行股份购买资产事项。</p>	5
3406408	中国中铁：2019年第二季度房地产开发新签合同额146.9亿元 同比增1.9%	<p><img class="ke_img" src="http://xqimg.imedao.com/16c18e160129b3a3faa981b4.png" alt="empty"/></p><p>7月22日，中国中铁发布了2019年第二季度主要经营数据。</p><p>公告显示，2019年4-6月，中国中铁新签合同额合计人民币3880.5亿元，同比增长10.5%。其中房地产开发新签合同额为146.9亿元，同比增长1.9%。</p><p><img class="ke_img" src="http://xqimg.imedao.com/16c18e161e59aab3fe577678.jpg" alt="empty"/></p><p>房地产开发经营情况</p><p><img class="ke_img" src="http://xqimg.imedao.com/16c18e164069b3b3fe5221e5.jpg" alt="empty"/></p>	5
3406418	中国中铁上半年新签合同7013亿元人民币	<p>中国中铁上半年新签合同7013亿元人民币，同比增长10.5%。</p>	5
3406820	中国中铁子公司深圳违法遭央行处罚 违反票据管理规定	<p>中国经济网北京7月22日讯 中国人民银行网站今日公布的中国人民银行深圳市中心支行行政处罚信息公开表（（深人银票罚）罚字2019第001741号）显示，中铁电气化局集团有限公司深圳地铁5号线项目部违反票据管理规定，中国人民银行深圳中心支行决定：对其处以罚款 6937.98元。</p><p>中国经济网记者查询发现，中铁电气化局集团有限公司是中国中铁股份有限公司（简称“中国中铁”601390.SH）子公司。中国中铁股份有限公司持有中铁电气化局集团有限公司100%股份，认缴出资30亿元。</p><p>以下为处罚原文：</p><p><img class="ke_img" src="http://xqimg.imedao.com/16c19100cc79d3b3fe2a2181.png" alt="empty"/></p>	5
3407142	中国中铁：上半年房地产业务合同销售244.8亿元 同比增长1.9%	<p><strong>乐居财经讯 陈晨</strong>7月22日，中国中铁(SH601390)发布2019年第二季度主要经营数据公告。</p><p>2019年4-6月，公司房地产开发业务，新签合同额146.9亿元人民币。2019年前6月，公司房地产开发业务累计新签合同额244.8亿元人民币，同比增长1.9%。</p><p>此外，2019年上半年，公司新增土地储备110.76万平方米，同比增加37.5%。</p>	5
2840718	中国中铁(00390.HK)1月28日支付“10中铁G2”利息	<p>格隆汇1月17日丨中国中铁(00390.HK)公布，2010年中国中铁股份有限公司公司债券(第一期)(10年期品种)将于2019年1月28日支付2018年1月27日至2019年1月26日期间的利息。</p><p>上述债券简称10中铁G2，债券代码122046；发行规模50亿元；票面年利率4.88%，在债券存续期内固定不变。</p><p>按照《2010年中国中铁股份有限公司公司债券(第一期)票面利率公告》，该债券的票面年利率为4.88%，每手10年期固定利率品种债券面值1000元派发利息为48.8元(含税)，扣税后个人债券持有人实际每1000元派发利息为39.04元；QFII债券持有人实际每1000元派发利息为48.8元。</p>	5
2840725	中国中铁(00390.HK)"16铁工01"将于1月28日付息	<p>格隆汇1月17日丨<span>中国中铁(00390.HK)公布，公司于2016年1月28日发行的公</span><span>司公开发行2016年公司债券(第一期)，将于2019</span><span>年1月28日支付2018年1月28日至2019年1月27日期间的利息</span><span>，债权登记日为2019年1月25日。</span></p><p>据悉，该期债券简称"16铁工01"，债券代码"136199"，<span>发行规模为人民币20.5亿元，</span><span>票面年利率为3.07%，在存续期内前3年固定不变；在存续</span><span>期的第3年末，发行人决定行使调整票面利率选择权，将本期债券后2年的</span><span>票面利率上调83bp，未被回售部分的债券票面利率为3.90%，在债券存续期</span><span>后2年固定不变。</span></p><p>于本次派息，每手5年期固定利<span>率品种债券面值1000元派发利息为30.70元（含税，扣税后个人债券持有人</span><span>实际每1000元派发利息为24.56元；QFII债券持有人实际每1000元派发利息</span><span>为30.70元）。10年期固定利率品种的票面年利率为3.80%，每手10年期固</span><span>定利率品种债券面值1000元派发利息为38.00元（含税，扣税后个人债券持</span><span>有人实际每1000元派发利息为30.40元；QFII债券持有人实际每1000元派发</span><span>利息为38.00元）。</span></p>	5
2840830	中国中铁：2016年第一期公司债券将于28日付息	<p>中国网地产讯 17日晚间，中国中铁发布2016年第一期品种一及品种二付息公告。</p><p>据公告，中国中铁将于1月28日支付2018年1月28日至2019年1月27日期间的利息，本次债券付息的债权登记日为2019年1月25日，分在2019年1月25日（含）前买入并持有本期债券的投资者享有获得本次利息款的权利。</p><p>本期债券分为两个品种，品种一简称“16铁工01”，代码136199，发行规模20.5亿元，有效期5年，票面利率3.90%。</p><p>品种二简称“16铁工02”，代码136200，发行规模21.2亿元，有效期10年，票面利率3.80%。</p>	5
3169062	中国中铁一季度净利38.44亿元 同比增长20% 现金流量净额为-374.74亿元	<p><img class="ke_img" src="https://pifm.eastmoney.com/EM_Finance2014PictureInterface/Index.aspx?id=6013901&imageType=k&token=28dfeb41d35cc81d84b4664d7c23c49f&at=1" alt="empty"/></p><p>中国中铁(601390)发布2019年第一季度报告，公告显示，报告期内实现营收159,734,111,000元，同比增长8.24%；归属于上市公司股东的净利润3,843,742,000元，同比增长20.21%。</p><p>截至本报告期末，中国中铁归属于上市公司股东的净资产195,693,823,000元，较上年末增长2.04%；经营活动产生的现金流量净额为-37,473,958,000元。</p><p>本报告期货币资金较同期减少26.33%，主要是元旦、春节两节期间支付了部分劳务和采购外欠款；适度进行土地储备所致。</p><p>挖贝网资料显示，中国中铁在基础设施建设、勘察设计与咨询服务、工程设备与零部件制造等领域处于行业领先地位，并延伸产业链条，扩展增值服务，开展了房地产开发、物资贸易、基础设施投资运营、矿产资源开发及金融等相关多元业务。</p>	5
3148481	中国中铁(00390.HK)恢复参与收购Bandar Malaysia Sdn Bhd股权	<p>格隆汇4月26日丨<span>中国中铁(00390.HK)公告，</span><span>针对公司旗下全资子公司中国铁路工程(马来西亚)有限公司与马来西亚当地公司Iskandar Waterfront Holdings Sdn Bhd组建的联营体收购Bandar Malaysia Sdn Bhd60%股权并签署《股权买卖协议》事宜，公司相继于2016年1月4日、2016年1月9日发布了《中国中铁关于参与收购Bandar Malaysia Sdn Bhd股权的公告》(临2016-003号)和《中国中铁股份有限公司关于参与收购Bandar Malaysia Sdn Bhd股权事宜的进一步公告》(临2016-005号)，股权收购过程中由于出现一些波折，TRXCity Sdn Bhd于2017年5月2日单方面中止协议。</span></p><p>2019年4月25日，在中国北京举行第二届“一带一路”国际合作高峰论坛期间，依海中铁有限公司(IWHCRECSDNBHD，简称“ICSB”，承继了前述联营体双方在《股权买卖协议》中的各项权利义务)与马来西亚政府签署《大马城项目恢复框架协议》。协议约定TRXCITY和ICSB将在协议签署的日起三十个工作日内协商、协议和签署《补充协议》，《补充协议》的目的是重启和恢复《股权买卖协议》，适当调整《股权买卖协议》的相关时间表及必要条款，并维持《股权买卖协议》项下原收购价格及原收购股权结构。</p><p>据悉，邦达公司拥有马来西亚吉隆坡待开发的大马城项目地块的所有权，该地块位于马来西亚首都吉隆坡中心区域，占地面积约为200万平方米。根据马来西亚政府规划，该项目将建成集基础设施、金融、商业、文化、旅游、高级住宅于一体的多业态国际商业中心。</p>	5
3148495	中国中铁(00390.HK)“一带一路”峰会期间签订33.55亿元缅甸基础设施项目	<p><span>格隆汇4月26日丨中国中铁(00390.HK)公布，2019年4月25日，在中国北京举行第二届“一带一路”国际合作高峰论坛期间，本公司旗下全资子公司中铁国际集团有限公司与缅甸中央伊洛瓦底发展有限公司签署了《关于缅甸曼德勒产业新城基础设施工程的设计、采购及建造合同协议》，约定由中铁国际集团有限公司负责缅曼德勒产业新城基础设施工程的设计、采购及建造。该工程范围包括曼德勒产业新城的道路工程、给排水工程、污水处理工程、电力、通信和消防管线工程等多项基础设施工程内容，项目工期为90个月。</span></p><p>该项目签约金额约为4.98亿美元，约折合33.55亿元人民币，约占本公司中国会计准则下2018年营业总收入的0.45%。</p>	5
3148529	中国中铁(00390)附属将负责缅甸曼德勒产业新城基础设施工程 签约额4.98亿美元	<p>公告</p><p>中国中铁(00390)附属将负责缅甸曼德勒产业新城基础设施工程 签约额4.98亿美元</p><p>2019年4月26日 21:19:13 查看PDF原文</p><p>智通财经APP讯，中国中铁(00390)公告，2019年4月25日，在中国北京举行第二届“一带一路”国际合作高峰论坛期间，公司旗下全资子公司中铁国际集团有限公司(CHINA RAILWAY INTERNATIONAL GROUP CO., LTD.)与缅甸中央伊洛瓦底发展有限公司(CENTRAL IRRAWADDY DEVELOPMENT LIMITED)签署了《关于缅甸曼德勒产业新城基础设施工程的设计、采购及建造合同协议》，约定由中铁国际集团有限公司负责缅曼德勒产业新城基础设施工程(THE INFRASTRUCTURE WORKS OF THE NEW MANDALAY RESORT CITY)的设计、采购及建造。</p><p>该工程范围包括曼德勒产业新城的道路工程、给排水工程、污水处理工程、电力、通信和消防管线工程等多项基础设施工程内容，项目工期为90个月。该项目签约金额约为4.98亿美元，约折合33.55亿元人民币，约占公司中国会计准则下2018年营业总收入的0.45%。</p><p>（更多最新最全港美股资讯，请点击下载智通财经App）</p><p>相关股票</p><p>中国中铁003906.080-0.080-1.30%</p><p>中国中铁(00390)首季新签合同额3132.9亿元 同比微增0.3%安琪儿4月25日中国中铁(00390)：“19铁工04”将于4月26日在上交所上市交易张展雄4月24日中国中铁(00390)：“19铁工03”将于4月26日在上交所上市交易张展雄4月24日中证监恢复对中国中铁(00390)发行股份购买资产行政许可申请的审查张展雄4月24日大和：微降中国中铁(00390)目标价至7.3港元 评级维持“跑赢大市”陈雨4月23日</p>	5
3148550	中国中铁(00390)恢复参与收购邦达公司股权事宜	<p>智通财经APP讯，中国中铁(00390)发布公告，针对该公司旗下全资子公司中国铁路工程(马来西亚)有限公司(中铁马来公司)与马来西亚当地公司Iskandar Waterfront Holdings Sdn Bhd(依海控股)组建的联营体(联营体)收购Bandar Malaysia Sdn Bhd(邦达公司)60%股权并签署《股权买卖协议》事宜，股权收购过程中由于出现一些波折，TRX City Sdn Bhd(“TRX CITY”，前身为1MDBRE)于2017年5月2日单方面中止协议。</p><p>2019年4月25日，在中国北京举行第二届“一带一路”国际合作高峰论坛期间，依海中铁有限公司(IWH CREC SDN BHD，简称“ICSB”，承继了前述联营体双方在《股权买卖协议》中的各项权利义务)与马来西亚政府签署《大马城项目恢复框架协议》。</p><p>协议约定TRX CITY和ICSB将在该协议签署之日起30个工作日内协商、协议和签署《补充协议》，《补充协议》的目的是重启和恢复《股权买卖协议》，适当调整《股权买卖协议》的相关时间表及必要条款，并维持《股权买卖协议》项下原收购价格及原收购股权结构。</p><p>邦达公司拥有马来西亚吉隆坡待开发的大马城项目地块的所有权，该地块位于马来西亚首都吉隆坡中心区域，占地面积约为200万平方米。根据马来西亚政府规划，该项目将建成集基础设施、金融、商业、文化、旅游、高级住宅于一体的多业态国际商业中心。</p>	5
3078597	【增减持】中国中铁(00390.HK)获摩根大通增持545.6万股	<p>格隆汇获悉，根据港交所最新权益披露资料显示，2019年3月27日，中国中铁(00390.HK)获JP Morgan Chase & Co.以每股均价7.2015港元，增持545.6万股，总价约3929.13万港元。</p><p>增持后，JP Morgan Chase & Co.持有权益的股份数目257,282,093，占已发行的有投票权股份百分比6.11%。</p><p><img class="ke_img" src="https://img3.gelonghui.com/201904/p20190403133416318.png?x-oss-process=style/wm" alt="empty"/></p>	5
2841867	中国中铁：公开发行2016年公司债券(第一期)2019年付息公告	<p>中国中铁股份有限公司公开发行2016年公司债券(第一期)(5年期品种简称“16铁工01”、10年期品种简称“16铁工02”)将于2019年1月28日支付2018年1月28日至2019年1月27日期间的利息。</p><p>债权登记日：2019年1月25日</p><p>债券付息日：2019年1月28日</p><p>仅供参考，请查阅当日公告全文。</p>	5
3408342	中铁(00390.HK)中标21项重大工桯 涉资284亿人民币	<p>原标题：中铁(00390.HK)中标21项重大工桯 涉资284亿人民币 来源：阿斯达克财经</p><p>中国中铁 公布，近日，中标21项重大工程，中标价合计约283.98亿人民币，约占公司中国会计准则下2018年营业收入的3.85%。(de/d)~阿思达克财经新闻网址: www.aastocks.com</p>	5
3408343	中铁(00390.HK)上半年新签合同7,013亿人民币 增10.5%	<p>原标题：中铁(00390.HK)上半年新签合同7,013亿人民币 增10.5% 来源：阿斯达克财经</p><p>中国中铁 公布今年第二季度，新签合同额3,880.5亿人民币(下同)。上半年累计新签合同额7,013.4亿元，按年增加10.5%。其中，境内新签合同额6,649.8亿元，增加10%；境外新签合同额363.7亿元，增加19.7%%。(de/d)~阿思达克财经新闻网址: www.aastocks.com</p>	5
3171011	中国长城资产牵头联合同业运作的中国中铁债转股项目成功过会	<p>5月5日，证监会并购重组委召开第20次会议，中国长城资产牵头联合同业运作的中国中铁市场化债转股（发行股份购买资产）重组方案获无条件通过。中国中铁债转股方案通过先增资上市公司子公司再与上市公司换股的两步走方式进行，开创了央企市场化法治化债转股的新模式。</p><p>2018年6月中国长城资产作为项目主要牵头人之一与中国国新、中国东方、结构调整基金、穗达投资、中银资产、中国信达、工银投资和交银投资共计9家投资者通过收购债权转股权和现金增资的方式合计持有中国中铁股份有限公司下属中铁二局集团有限公司25.32%股权、中铁三局集团有限公司29.38%股权、中铁五局集团有限公司26.98%股权、中铁八局集团有限公司23.81%股权，总投资额为115.97亿元。其中，中国长城资产收购了浙商银行北京分行持有的中铁二局、中铁三局、中铁八局合计25亿元债权，并转换为上述三家公司股权。</p><p>根据此次过会的中国中铁发行股份购买资产方案，中国中铁将以116.54亿元的总估值向9家债转股投资机构发行股份购买其持有的标的子公司股权，届时我司所持中国中铁子公司股权将转换为中国中铁上市公司股权，我司预计持有上市公司股权365,691,328股，占总股数的1.49%。</p><p>中国中铁债转股具有以下三方面积极意义；一是有效降低了中国中铁的资产负债率。公开数据显示2018年末中国中铁合并口径资产负债率为76.43%，较上年同期下降3.46个百分点。二是优化了中国中铁的治理结构。此次交易引入投资人参与公司治理，9家债转股投资人委派的11名董事、监事参与到标的子公司的公司治理和重大经营决策。三是提前锁定转股价格。中国中铁债转股方案，本质上属于再融资发股还债，但通过发行股份购买资产的方式来实施，从而实现了锁价定增，避免市场波动对债转股投资人的影响。</p><p>作者：郝昕瑶</p>	5
3171016	中国中铁债转股项目成功过会 中国长城资产将持有其1.49%上市公司股权	<p><img class="ke_img" src="https://pifm.eastmoney.com/EM_Finance2014PictureInterface/Index.aspx?id=6013901&imageType=k&token=28dfeb41d35cc81d84b4664d7c23c49f&at=1" alt="empty"/></p><p>证监会并购重组委5月5日召开第20次会议，由中国长城资产牵头联合同业运作的中国中铁市场化债转股(发行股份购买资产)重组方案获无条件通过。中国中铁将以116.54亿元的总估值向9家债转股投资机构发行股份购买其持有的标的子公司股权，届时中国长城资产所持中国中铁子公司股权将转换为其上市公司股权，预计将持有上市公司股权365,691,328股，占总股数的1.49%。</p><p>公开资料显示，2018年6月中国长城资产作为项目主要牵头人之一与中国国新、中国东方、结构调整基金、穗达投资、中银资产、中国信达、工银投资和交银投资共计9家投资者通过收购债权转股权和现金增资的方式合计持有中国中铁股份有限公司下属中铁二局集团有限公司25.32%股权、中铁三局集团有限公司29.38%股权、中铁五局集团有限公司26.98%股权、中铁八局集团有限公司23.81%股权，总投资额为115.97亿元。</p><p>其中，中国长城资产收购了浙商银行北京分行持有的中铁二局、中铁三局、中铁八局合计25亿元债权，并转换为上述三家公司股权。</p><p>市场人士表示，中国中铁债转股方案通过先增资上市公司子公司再与上市公司换股的两步走方式进行，开创了央企市场化法治化债转股的新模式。切实降低了企业杠杆率，优化了公司治理，提升了企业持续健康发展能力。</p><p>此外，中国中铁债转股具有以下三方面积极意义：一是有效降低了中国中铁的资产负债率。公开数据显示2018年末中国中铁合并口径资产负债率为76.43%，较上年同期下降3.46个百分点。二是优化了中国中铁的治理结构。此次交易引入投资人参与公司治理，9家债转股投资人委派的11名董事、监事参与到标的子公司的公司治理和重大经营决策。三是提前锁定转股价格。中国中铁债转股方案，本质上属于再融资发股还债，但通过发行股份购买资产的方式来实施，从而实现了锁价定增，避免市场波动对债转股投资人的影响。</p>	5
3080579	中国中铁：多元化业务布局成效显著 盈利能力持续提升	<p>中国中铁(601390,诊股)(港股00390)发布2018年年报显示：公司实现营业总收入7404.4亿元，同比增长6.8%，实现归母净利润172亿元，同比增长7.04%。其中四个季度分别实现营业收入1,476亿元/1,669亿元/1,789亿元/2,442亿元，同比分别增长10.1%/1.3%/4.3%/11.2%，分别实现净利润32.0亿元/63.6亿元/34.9亿元/41.5亿元，同比分别实现增长-36.5%/98.8%/-45.0%/18.9%。作为债转股标的的中铁二、三、五、八局实现少数股东损益7.37亿元，加回该影响，公司18年净利润增速约为11.6%。</p><p><strong>公司基建主业不断强化，多元化布局成效显著</strong></p><p>2018年中国中铁基建板块营业收入6,242亿元，同比增长4.6%，收入贡献率降低1.74个百分点至84.3%，细分中公路和市政对于基建主业的带动作用不断提升，毛利率继续提升0.19个百分点至7.42%；公司勘察设计板块实现营收146亿元，同比增长12.6%；工程设备与零部件制造全年收入150亿元，同比实现增长10.1%，进一步加强对收入占比较大的道岔及盾构产品的研发投入和成本管理，毛利率同比增加2.28个百分点至23.82%；房地产业务收入大幅增长42.7%至433亿元，占比提升1.47个百分点至5.85%，毛利率小幅提升0.14个百分点至24.63%；其他业务板块营业收入共计433亿元，同比实现增长8.67%，其中PPP、BOT等项目运营业务营收28.9亿元，同比增长10.5%，矿产资源板块实现收入49.0亿元，同比增长19.8%，物资贸易业务实现收入177亿元，同比增长4.4%。房地产、矿产资源板块对公司2018年利润贡献比例显著提升。</p><p><strong>业务结构改善提升毛利率，资产质量夯实提升净利润率</strong></p><p>2018年公司高毛利的市政和其他业务以及公路业务收入占比提升，尤其是投资带动的施工项目收入增长，公司综合毛利率提升0.44个百分点。期间费用及研发费用率提升0.72个百分点，资产减值大幅减少，综合影响净利率同比提升0.31个百分点。2018年公司综合毛利率为10.19%，同比提升0.44个百分点。加回研发费用，期间费用率同比提升0.72个百分点至6.02%，其中销售费用率同比提升0.07个百分点至0.48%，主要由于加大各项业务营销力度所致；管理费用率提升0.07个百分点至2.79%，研发费用率为1.81%，同比增加0.21个百分点；财务费用率同比提升0.43个百分点至0.94%，主要由于带息负债规模增加以及资产证券化业务折价增加。公司资产减值损失占营业收入比重同比下降1.24个百分点至0.1%，综合影响下公司净利率提升0.31个百分点至2.36%。</p><p><strong>在手订单充沛，未来业绩增长有较好保障</strong></p><p>2018年中国中铁基建建设业务新签合同1.43万亿元，同比增长5.9%，其中铁路业务新签合同2,541亿元，同比增长4.8%。市政及其他业务新签订单8,789亿元，同比增长13.6%；勘察设计与咨询服务业务新签合同221亿元，同比增长1.9%；工程设备与零部件制造业务新签合同368亿元，同比增长12.6%；房地产开发业务新签合同530亿元，同比增长47%。截至2018年末公司累计在手订单2.69万亿元，约为2018年营业收入的3.6倍，在手订单充裕，未来业绩拥有较好保障。</p><p>申万宏源(000166,诊股)预计公司2019年-2021年净利润分别为192.6亿元/211.9亿元/233.1亿元，增速分别为12%/10%/10%，对应PE分别为8.8X/7.9X/7.2X，维持“增持”评级。</p>	5
3253881	【增减持】中国中铁(00390.HK)遭摩根大通减持785万股	<p>根据港交所最新权益披露资料显示，2019年6月3日， 中国中铁(00390.HK)遭JP Morgan Chase & Co.以每股均价5.8731港元，减持785万股，总价约4610.86万港元。</p><p>减持后，JP Morgan Chase & Co.持有权益的股份数目246,742,786股，占已发行的有投票权股份百分比5.86%。</p><p><img class="ke_img" src="https://img3.gelonghui.com/ed092-9596966a-7d61-47d3-88ec-a4ca2183d29e.png?x-oss-process=style/wm" alt="empty"/></p>	5
3074072	中国中铁去年净利171.98亿元 同比增长7% 董事长李长进年薪125万元	<p><img class="ke_img" src="https://pifm.eastmoney.com/EM_Finance2014PictureInterface/Index.aspx?id=6013901&imageType=k&token=28dfeb41d35cc81d84b4664d7c23c49f&at=1" alt="empty"/></p><p>4月2日消息，中国中铁(601390)近日发布2018年财报，公告显示，报告期内实现营收7377.14亿元，同比增长6.92%；归属于上市公司股东的净利润171.98亿元，同比增长7.04%；基本每股收益为0.72元，同比增长7.32%。</p><p>截至2018年12月31日，中国中铁归属于上市公司股东的净资产1917.82亿元，较上年末增长23.43%；负债合计7205.32亿元；经营活动产生的现金流量净额为119.62亿元，较上年末减少63.99%。</p><p>报告期内实现营业总收入737,713,851,000元，较上年同期增长6.92%；实现归属于上市公司股东的净利润17,198,138,000元，较上年同期增长7.04%；本期营业成本为664,681,111,000元。</p><p>报告期内，公司董事、监事、高级管理人员报酬合计1530.94万元。董事长、执行董事李长进年薪为125万元，董事会秘书、财务部部长何文年薪为20.74万元，副总裁、董事会秘书、总法律顾问于腾群年薪为109.75万元。</p><p>挖贝网资料显示，中国中铁是全球最大的多功能综合型建设集团之一，能够为客户提供全套工程和工业产品及相关服务，在基础设施建设、勘察设计与咨询服务、工程设备与零部件制造等领域处于行业领先地位，并延伸产业链条，扩展增值服务，开展了房地产开发、物资贸易、基础设施投资运营、矿产资源开发及金融等相关多元业务。</p>	5
