symbol,business_word,word_y,stock_name
SZ300059,金融_数据服务_天天基金网,年报_电子商务_成交_基金_销售额_西藏_东财,东方财富
SH600036,外汇_代理_政府债券,分行_招行_上榜_企业_客户_股通_银行_捐款_港资_卖出_外资,招商银行
SH600030,资产管理_证券_证券投资_经纪,资管_资产_上榜_规模_股通_集合_外资_募化_卖出_港资,中信证券
SH601788,证券_券商,金融_兑付_净收入_负债_计提_客户_数据,光大证券
SH600859,糕点_针纺织品_出租_百货,股价_信息_字节_免税_牌照_首旅_内幕,王府井
700,网络广告_增值_广告,推送_外媒_游戏_广告_视频_技术_沙盒_西米亚_内容_开发商_捷克_开发_艾兰岛,腾讯控股
SH601878,融资融券_证券_银行业务_资产管理,净资产_资管_上市_券商,浙商证券
SH600009,航空_代理,货邮_上榜_浦东_股通_旅客_航班_外资_港资_吞吐量_卖出,上海机场
BABA,电商_淘宝_天猫_阿里云_支付宝_蚂蚁金服_闲鱼_阿里云,直播间_支付宝_品牌_线下_成交_明星_平台_销售额_成交额,阿里巴巴
SH600536,软件_应用软件,天津_中标_反担保_营业部_企业_揭秘_成交_国产_麒麟,中国软件
SH600918,投资基金_证券投资_证券_代销,经纪_资管_上市_资产_营业部_市盈率_推迟_认购_银行_股票,中泰证券
SZ000876,饲料_肉禽_饲养,捐赠_养猪_刘永好_饲料_产业_生猪_开工_出栏_火神,新希望
SZ300033,同花顺_信息服务_金融,济民_投资者_账户_制药_股价_席位_风险,同花顺
SZ000776,证券投资_证券_财务顾问_投资基金_经纪,辽宁_人民币_记录表_融资券_物资_全景网_标题,广发证券
SH601688,证券_承销_资产管理,资管_捐赠_财富_人民币_回购_计划_客户_增持,华泰证券
SH601990,证券_证券投资_代销_融资融券_资产管理,对象_母公司_认购_券商_财务数据_申购_资金_号码,南京证券
SH601519,信息服务_互联网金融_软件,法院_投资者_判决_索赔_新湖_风险_提示_原告,大智慧
AAPL,应用程序_第三方_配件,显示屏_发布_屏幕_外媒_美国_天猫_苹果公司_机型_汽车_英寸_关闭_门店_零售店,苹果
SZ000066,电源_网络安全_电子_高新,天津_分公司_湖南省_飞腾_芯片_处置_自主,中国长城
SH601099,证券_证券投资_承销,马坤棠_环境_转载_配置_战略_高强_归母,太平洋
SH600109,证券_证券投资_咨询_承销,创板_资管_证券化_资产_行业_母公司_基金_券商_金硕,国金证券
SH601377,资产管理_证券_投资基金_咨询,资管_质押_母公司_年报,兴业证券
SH600993,药品_批发_制造_零售,口红_跨界_化妆品_推出_宝安_品牌_领域_质押_肛肠_药业,马应龙
SH600332,批发_制造_原料药_零售_化学,红罐_医药_凉茶_商标_广州_包装_广药_饮料_药品,白云山
SH601108,资产管理_证券_融资融券,代码_母公司_财通资管,财通证券
GSX,跟谁学_教育_学习_美好_互联网,学生_微师_课程_回应_增值税_股价_做空_陈向东_香橼_浑水,跟谁学
SZ002351,汽车音响_多媒体_耳机_漫步者,机构_蓝牙_降噪_无线耳机_肖敏_王晓红,漫步者
SH600837,证券投资_代销_证券,公司债券_月份_母公司_利率_成交_票面_债券,海通证券
SH601816,旅客_京沪高速铁路_运输_高铁,列车_年报_国铁_上市_开行_旅客_战略_数量,京沪高铁
AMZN,用品_亚马逊公司_玩具_户外用品,可能_电商_配送_知情_员工_收购_贝佐斯_股价_贝索斯_特朗普_手机_沙特_马斯克_王储,亚马逊
SZ002624,制作_衍生_咨询,萧泓_回购_成交价_影视_手游_预告_文化_精品化,完美世界
3323,工程_水泥_玻璃纤维_复合材料,品种_建材_公司债券_水泥_企业_智通_试点_债券,中国建材
SH600598,房地产开发_种植业,分公司_减少_农业_种植_黑龙江_存款_农垦,北大荒
SH600415,市场开发_商品销售_酒店,经济_义乌市_数字_召开_披露_地摊_市场,小商品城
SH601360,互联网_互联网安全_安全,齐向东_商业化_转让_智能_互联网,三六零
SH601857,天然气_原油_石油_化工产品,天然气_投资者_区块_上市_员工_油气_上证指数_股价_市值_储气库_管道,中国石油
SZ000671,房地产开发_中国房地产_电力_代购,佛山_阳光集团_竞得_报表_楼面_担保_置业_提供_地块,阳光城
SH600600,啤酒_青岛啤酒,人民币_现价_销量_品牌_成交_目标价_渠道_消费者_美团,青岛啤酒
SH600720,水泥_祁连山_开发_制造_批发,需求_区域_卖出价_甘肃_持股_流通盘_陆股_外资_卖出,祁连山
SZ002310,治理_设计_园林_企业管理,本息_债券_付息_足额_融资券_支付_清算_北京东方_违约,东方园林
SZ300803,信息服务_证券投资_软件服务_电信业务,招股_保险经纪_触及_揭秘_后市_路演,指南针
SZ000802,经纪_旅游_网剧_新媒体,出品_影视_传媒_伙伴_减值_商誉_影片,北京文化
SH601236,证券投资_证券_资产管理_投资基金,财务数据_母公司,红塔证券
SH603881,数据中心_计算机_软硬件_通信工程,机柜_定制_服务费_在建,数据港
SZ000750,证券_资产管理_证券投资_经纪,金融债_交易_客户_质押_下降_券商_广西,国海证券
SH600068,工程_承包_进出口,工程_能建_科技_地产_绿色_酒店_建筑,葛洲坝
SH600712,零售_南宁市_维修_零售业务_进出口贸易,宝能系_富天_海产品_存货_宝能_沛宁_披露_地摊_增持_百货大楼,南宁百货
SZ002163,幕墙_玻璃_建筑_施工_机场,玻璃_变更_简称_幕墙_产销量,海南发展
SH601211,证券投资_证券,净利_智通_人民币_月份_快报,国泰君安
SH600118,卫星_应用_微小_研制_系统集成,发射_触及_小浪_应用_芯片_导航_产业_导航系统_东方红,中国卫星
SH600004,航空_维修,货邮_起降_航站楼_旅客_入境_客流_航班_智慧_春运_吞吐量_免税_机场,白云机场
SH600977,影视_电影_经营项目_影片_制作,,中国电影
SZ002500,资产管理_期货经纪_证券_融资融券,山证_配股_基金_券商,山西证券
SZ300364,出版物_互联网_出版,数字_游戏_收购_资产_钢钢_计提_平台_减值_商誉,中文在线
SZ000089,资产管理_民生加银基金_公募_基金_航空_客货_过港_深圳机场_客货运输,国际_货邮_航线_月份_起降_粤港澳_航空_航班_大湾_机场,深圳机场
BIDU,搜索_百度_中文_营销_互联网_hao123_度小满_智能音箱,人工智能_科技_地图_开发者_车路_聚集区_李震宇_交通_地摊_全系_驾驶,百度
SH600804,因特网_安防_工程施工,电信_长城_崔航_计提_运营商_减值_宽带_数据中心_商誉_数据,鹏博士
SZ002208,房地产开发_商业地产_开发,空港_复牌_工业_合肥市_开发_利润总额,合肥城建
SH603043,分支机构_零售_批发,收购_商标_品牌_速冻_月饼_食品,广州酒家
SZ000728,资产管理_基金_投资管理_年金_银瑞信_证券_排名第_证券投资,下滑_审核_营业部_客户_国元_警示,国元证券
SH600338,精矿_铜精矿_矿产资源_原矿_开采,营业部_矿业_精矿_质押_成交_塔城_股本_信托,西藏珠峰
SH601881,证券_经纪_投资管理,身份_人民币_母公司_客户_智通_金汇,中国银河
SH603000,信息服务_互联网_新闻,人民日报社_总编室_科技_议案_提问_市盈率_蓁蓁_董秘_媒体_人民_版权,人民网
SH601901,资产管理_证券_证券投资_经纪,方正集团_母公司_快报_月份_减值,方正证券
SZ000166,股权投资_投资_评级_投资管理,注册资本_资产_智通_增速_肺炎,申万宏源
SZ000735,农副_加工_代缴_代收_水产品,关注_马术_销售收入_股价_备案_海南省_生猪_卖出,罗牛山
SZ002673,资产管理_证券_融资融券,会议_母公司_增持,西部证券
SZ300783,三只松鼠_粉丝_食品_旗舰店,电商_良品_天猫_品牌_线下_旗舰店_供应链_坚果_百草_渠道_销售额_燎原,三只松鼠
SH601555,资产管理_证券_证券投资_经纪,简报_财务数据_净资产_回购_融资券,东吴证券
1177,西药_制剂,医药_成交_智通_目标价_归母_交银,中国生物制药
SZ300024,机器人_自动化_装备_制造,生产线_人工智能_拟以_预降_蔡宇_行业_智能化_口罩,机器人
SZ000783,证券_资产管理_代销_承销,邓晖_尤习贵_东吴_母公司_总经理_总裁_辞职_基金,长江证券
SZ002918,陶瓷产品_瓷质_陶瓷砖_高品质,专利证书_全资_产能_提升_发明_藤县_取得_薄板,蒙娜丽莎
NTES,游戏_用户,招股_招股书_存托_游戏_普通股_概股_认购_丁磊_港股_香港,网易
TAL,教育_学而思_网校_课外辅导_好未来集团,课程_收购_概股_股价_造假_财年_线下_网校_浑水,好未来
CCL,邮轮_旅游_荷美_阿拉斯加,股盘_财情_美国_复航_新冠_预订_智通_皇家_宣布_下调_标普,嘉年华邮轮
SZ002926,资产管理_证券投资_证券_证券化,券商,华西证券
SH600958,证券投资_证券_代销_投资基金_融资融券,资管_人民币_月份_兑付_智通_完成,东方证券
SZ002291,零售_皮革制品_移动互联网_皮鞋_批发,电商_网红_互联网_网络_股价_时尚_遥望,星期六
SH600377,高速公路_公路沿线_沪宁_路桥,总额_车流量_通行费_融资券_高速公路,宁沪高速
SZ000686,证券_证券投资_承销_保荐,母公司_上调_增持_净资产,东北证券
SH600909,证券_证券投资_资产管理_代销,计划_成交_创业_净利_券商,华安证券
SH600056,医用_设备_手术器械_器具,全面_免疫_物资_上海_艾滋病_口罩_采购_药品_静注_医用,中国医药
SH603103,放映_电影_影院_院线,影视城_剧组_院线_银幕_电影_流通盘_陆股_票房,横店影视
SZ002582,红枣_肉脯_果干_炒货_食品,百事公司_回购_百事_红枣_上限_食品_渠道_零食,好想你
AAL,美国航空_美国航空公司_沃斯堡,股盘_波音_航空公司_员工_计划_停飞_智通_航班_标注_航空业_西南航空_债券,美国航空
SZ300785,电信业务_不得_值得买,隋国栋_导购_那昕_内容_执行官_首席,值得买
SH603737,涂料_建筑_工程_胶粘剂,买入价_流通盘_陆股_洪杰_外资_涂料_墙面漆,三棵树
SH603883,零售_信息服务_药品_食品_药房,谢子龙_医药集团_王黎_药店_泽星_质押_门店,老百姓
SZ002939,证券投资_证券_代销_资产管理_融资融券,区志_承销_证券化_资产_袁某_证券公司_基金_券商_警示,长城证券
SH600369,证券_证券投资_资产管理_代销,重庆_母公司_西证_月份,西南证券
OXY,天然气_液化_凝析油_化工_西方石油公司,油气_交易_股息_削减_油价_智通_现金_雪佛龙_原油_伯克,西方石油
SZ000997,计算机应用_销及_消防工程,认证_数字_集群_限制性_分公司_收单_商户_人脸识别,新大陆
WB,微博_内容_实时,社交_净增_美国通用_视频_用户数_内容_会计准则_收为,微博
SH600373,出版物_音像_艺术品,出版_回购_蓝海_担保_陈炽昌_明星_全通_转让_投资方,中文传媒
SZ002945,资产管理_证券_咨询,林立_月份_母公司_证券公司_券商_立业_批文,华林证券
9922,餐厅_运营者_九毛九_酸菜鱼,太二_酸菜鱼_餐饮_外卖_九毛九_港股,九毛九
SZ002043,木制品_装饰_室内装饰_原木,定制_回购_增加_装饰_收购_事业部_木门_家居_品牌,兔宝宝
SZ002736,证券_资产管理_证券投资_投资基金,捐赠_分公司_肺炎_物资_口罩_湖北_上调_增持,国信证券
SH600054,旅游_索道_全国_荣获,高铁_游客_风景区_门票_章德辉_索道_门票价格,黄山旅游
SH601198,资产管理_融资融券_证券_另类投资,余额_母公司_偿还_简报_融资券_净值_基金_同花顺,东兴证券
SH603712,无线通信_制造_设备,天津_议案_专网_查阅_中环_现金管理_募集,七一二
SH601375,证券_资产管理_代销,利润_月份_母公司_准备_财务数据_计入_条线,中原证券
SH600216,化学品_添加剂,区间_买入价_制药_营养品_流通盘_陆股_维生素_外资,浙江医药
SH600132,啤酒_包装物,注入_资产_销量_提升_品牌,重庆啤酒
BAC,控股公司_美国银行公司_机构投资者_资产管理,价值_种族_美国_流动性_国债_张国帅_鲍威尔_原作者_银行_美银_提供_标普_收益率_策略师,美国银行
SH601880,仓储_港口_物流_码头,招商局_港口_辽宁_公司债券_任期_智通_聘任_董事,大连港
SZ002195,互联网_信息服务_金融科技,金融_区块_星球_章鱼_科技_浙富,二三四五
SH600637,设计_视频_机电工程_广播,空中课堂_超高_战略_产业_内容_上海_双方_播出_媒体_中国移动_有线,东方明珠
SZ000591,太阳能_光伏_经营管理,戴骥_激励_执行_首席_单位_领跑,太阳能
SH600903,燃气_工程设计,拉升_洪鸣_股价_交易_质押_气源_贵州省_贵阳_管道,贵州燃气
SZ000061,徐州_电力科技_内斯_无功_农产品_批发市场_另行_营业执照_经营和管理,,农产品
JPM,金融服务_投资银行_银行,流入_货币_区块_加密_网络_客户_持股_银行_支付_市场_提交,摩根大通
SZ300766,智能_开发者_数据_风控,推送_回购_公共服务_开发者_持股_数据服务_智能,每日互动
SH601928,图书_出版物_音像制品_发行_出版,陆号_出版_图书_教材_小微_蚂蚁,凤凰传媒
SH603008,床垫_家具_研发,资管_华视_华易_计划_可交_床垫_家居_品牌_睡眠_顾家,喜临门
SZ000610,旅行社_限定_分支机构_旅游,创板_报告期_奥莱_酒店_投资收益_红土_预告,西安旅游
YY,视频_人工智能_社交_虎牙直播,人工智能_人民币_全球化_虎牙_全球_平台,欢聚
SZ000560,业态_房地产,经纪_二手房_员工_提供_北京_门店,我爱我家
SZ000721,食品_餐饮_加工,报告期_系本_餐饮行业_归属_曲江_西安市_华侨城集团_西旅,西安饮食
SH603888,信息服务_互联网_电信业务,人工智能_操场_医疗_视频_议案_委员_发行股票_委员会_提问_签约_认购_信息_查阅_董秘,新华网
HUYA,虎牙直播_直播_战队_欢聚时代_英雄联盟,人民币_游戏_相比_付费_技术_平台_内容_用户数_本季度,虎牙
GS,高盛集团_金融机构_附属公司_投资管理,算法_上市_前瞻_所罗门_性别_马来西亚_沃伦_信用_提供_贷款_额度_董事,高盛
SH603040,锻件_挺柱_精密_气门_液压,年报_税率_锻件_汽车_净利_持有,新坐标
SZ000996,物流_不得,年报_期货_国际期货_汽车_交易_服务行业_下降_交运_披露_资产重组,中国中期
SH600317,港口_港口机械_堆存,招商局_港口_辽宁_吸收_停牌_拟换_筹划_财务,营口港
JRJC,投顾_服务平台_证券,,金融界
SH600663,陆家嘴_陆家嘴金融贸易区_开发_用品_土地开发,,陆家嘴
SH601158,给排水_城镇_咨询服务_工程设计_管理,会议_议案_污水_供水_重庆市,重庆水务
SH601139,燃气_液化_石油气_管道_天然气,电厂_石油气_收购_电力_气量_接收站_调峰_能源_管道_销售量,深圳燃气
SH600658,进出口_房地产,议案_产业园_产业_北京_会议_创新,电子城
SH600628,零售_百货_卤味,昝圣达_国军_粤港澳_广州_装修_城市_百货_举牌_增持,新世界
SINA,移动_新浪_用户_媒体_新浪公司,美国通用_广告_快递_人寿_会计准则_净营_保险_收为,新浪
2607,药品_原料药_保健品_医药_制造,认证_临床试验_车间_计划_期权_上药_激励_证书_药品,上海医药
SH603393,煤层气_天然气_入户_开采_输配,燃气_要约_收购_煤层气_能源_披露_股本,新天然气
SZ300688,创业_咨询_技术培训_活动,独角兽_创业者_企业_揭秘_产业_平台_创新_加速,创业黑马
SH600736,高新技术_房地产开发_基础设施_基础产业_咨询服务,商品房_地产_苏州高新区_融资券_同比增加_结转_债券,苏州高新
SH601333,铁路_运输服务_客货_广珠_城际,总价_增减_投票权_客运_百分比_权益_董事_增持,广深铁路
SH603848,晾衣架_零售_杂品_金属,购买_买入价_流通盘_陆股_披露_外资_智能_智能家居,好太太
SH600133,工程项目_建设_科技_烟气,净化系统_武汉_烟气_产业_园区_水务_合伙_泰欣,东湖高新
SH600551,图书_咨询服务_出版_印刷_出版传媒,股本_盛通_安徽_回购_增持,时代出版
570,国药集团_药业_佛山_子公司,医药_制药_颗粒_成交_智通_大摩_配方_目标价_药品_增持,中国中药
SH600017,港区_港口_装卸_堆存,航线_山东_山东省_集装箱_国资委_吞吐量_日照_持有,日照港
SH603357,工程_咨询服务_勘察_风景园林,勘察_工程_流通盘_陆股_资质_外资_同花顺,设计总院
SH601000,港口_运输_仓储,港口_煤炭_议案_班列_货种_集装箱_唐山市_会议_吞吐量_内陆,唐山港
SZ300469,软硬件_系统集成_计算机_网络工程,区块_回购_计划_华亭_智慧_食安,信息发展
SZ000978,旅游_客运_游船,桂圳_漓江_资产_丰鱼岩_转让_挂牌_杜鹃山_索道,桂林旅游
1508,再保险_再保险业务_股份有限公司_资产管理_保险经纪,财产保险_收购_营运_持股_保费_财险_智通_大地,中国再保险
SZ000557,经营管理_开发_仓储_铁路,增值税_宁东_半年报_税务_涉税_事项,西部创业
SH600261,照明_节能灯_荧光灯_电器_专利,电器集团_成交_交易方式_回购,阳光照明
SH601949,出版_出版物_所属单位_印刷,强势_图书_揭秘_知识产权_募集_同花顺_板块,中国出版
1456,证券_资产管理_经纪,发行价_智通_券商_下同_申购_合并,国联证券
SZ000430,旅游_酒店_客运_广告代理,张家界市_武陵源_游客_全域_视频_王爱民_接待_违纪_董事,张家界
SZ000716,食品_专项_服务项目_物业管理,电商_下滑_增加_同路_广告_预付款_交易_容州_关联方_关联_资金,黑芝麻
1385,咨询服务_集成电路_探针,监事_母公司_盈利_芯片_减少_日知会_成交_智通_辞任_董事,上海复旦
SH600790,租赁_纺织品_危险品_装潢,门市_印花_针织_花型_减少_纯棉布_成交_轧染_局部_订单_发货_市场,轻纺城
SZ300336,影视剧_制作_发行_口碑,李佳琦_艺人_渠丰_双创_内容_周星驰_郁金香_文化_股本,新文化
SZ000665,有线_数字电视_有线电视_运营,网络_战略_电视_协议_平台_宽带_广播电视_提供_同花顺,湖北广电
SH603116,红蜻蜓_儿童用品_皮鞋_皮具,钱金波_导购_回购_数字化_天猫_议案_品牌_鞋业,红蜻蜓
SH603099,旅游_客运_利用业务_旅行社,吉林_冰雪_议案_森工_景区_门票,长白山
SH601008,港口_装卸_堆存_货物,化工_吞吐量_江苏省_江苏,连云港
SH600295,羊绒_服装,羊绒衫_高于_口罩_防护服_羊绒,鄂尔多斯
NCTY,第九城市_游戏_网络游戏_八款_上海第九城市信息技术有限公司,成立_电动车_电动汽车_股东大会_普通股_法拉第_车型_协议_充电_双方_注资,第九城市
SH600139,新能源汽车_资产管理_管理咨询服务_四川西部资源控股股份有限公司,中系_司法_拍卖_冻结_转让_客车_披露_阙文,西部资源
SH600558,焊丝_焊剂_焊条,天津_四川_自贡_担保_份数_增持_材料,大西洋
SH600098,电力,燃气_售电量_回购_新能源_副总经理_能源,广州发展
SZ300778,工程设计_城乡规划_工程_咨询_道桥,复工_小浪_增长率_披露,新城市
SH600405,电力_电子产品_新能源汽车_交流电源,北京_全资_议案_相关_张宇,动力源
LIZI,音频_用户_内容_创作者,版块_美国通用_付费_社区_蜻蜓_内容_创作者_喜马拉雅_用户数量,荔枝
