symbol_id,keys
SZ300059,金融_数据服务
SH600519,贵州茅台_茅台酒
00981,晶圆_代工_集成电路_掩模
SH600036,外汇_代理_政府债券
SZ000002,房地产开发_物业_万科企业股份有限公司_供销业
SH601888,旅游
SZ000651,设备_空调_热水_新风
SH688981,晶圆_代工_集成电路_掩模
TSLA,电动汽车_特斯拉公司_开发
SH600030,资产管理_证券_证券投资_经纪
SH601788,证券_券商
SH600584,封装_电子原件_半导体_测试
SH600196,核心_治疗_系统疾病
SZ000858,五粮液
SZ002594,新能源汽车_研发_比亚迪_充电电池
SZ002475,连接器_电脑_研发
SZ300750,储能_研发_动力电池_电池_系统
SZ002294,医疗器械_研发_技术咨询_技术转让
SZ002049,芯片_特种_器件
NIO,用户_电动汽车_驾驶
SH600276,抗肿瘤_造影剂_口服_胶囊剂_混悬剂
SZ002714,生猪_种猪_商品猪_育种
SH600859,糕点_针纺织品_出租_百货
SZ002415,安防_视频_海康威视_设备
SZ002425,技术开发_服装_策划_剧本创作_皮帽
SZ000069,旅游_纸包装_房地产开发_策划
SH601166,代理_政府债券_金融债券
SH600585,水泥_熟料_水泥制品
SH603087,胰岛素_重组_医疗器械_类似物_批发
SH600048,房地产开发_物业管理
00700,网络广告_增值_广告
SH600745,移动_半导体_研发_元器件
SZ002241,智能_精密_电子产品
SZ000799,白酒
SH600887,乳制品_食品_饲料
SZ000568,白酒_国窖_泸州老窖_特曲
SZ002456,模组_智能汽车_光学_光电
SH600606,房地产开发_信息服务_酒店管理_工程_物业管理
SH601668,工程_房屋建筑_基础设施_设计_勘察
SZ000661,物业管理_房地产开发_基础设施_主导产业
SZ002304,洋河_双沟_白酒_古酿_蓝色
SZ300433,研发_防护_显示屏_视窗_模组
SH601012,光伏_电站_硅片_电池_组件
SZ000725,京东方_生产线_面板_出货量
SZ000333,家电_智能_家用电器_机器人
SZ002400,代理_公关活动_媒介_整合营销
SZ300677,护理产品_手套_耗材_理疗_医疗
SZ000063,系统_通讯_工程_设备
SZ300014,电池_锂离子_原电池_研发_动力电池
SH601066,证券_证券投资_投资基金
SZ000977,服务器_计算
SZ002382,手套_防护_丁腈_健康_二类
SZ002626,保健食品_制造_强化剂_食品
SH600309,聚氨酯_异氰酸酯_助剂_化学品
SH601878,融资融券_证券_银行业务_资产管理
SH600009,航空_代理
SH601155,房地产开发_中国房地产_吸收合并
SZ000963,危险品_原料药_药品
SH600436,颗粒剂_片剂_片仔癀_锭剂
SZ002007,血液制品_疫苗_医学杂志
SH600660,汽车玻璃_浮法玻璃_玻璃_安全玻璃
SZ002157,饲料_养殖_畜禽_预混料
SH600760,航空_制造_防务
SH600570,软件_系统_开发_系统集成
SZ000001,代理_监管机构_商业银行_政府债券
SZ002185,封装_集成电路_测试
BABA,电商_淘宝_天猫_阿里云
SZ000100,创业投资_半导体
SZ300015,眼科_医疗_配镜_验光_高峰论坛
SH603301,防护用品_敷料_医疗器械_医用
SH601899,铜矿_冶炼_矿产资源_储量
SH688027,量子_链路_保密_组网_密钥
PDD,拼多多_电商_好货_补贴_农产品
SH600536,软件_应用软件
SH600566,药品_口服液
SH600104,汽车_零部件_机械设备
SH603986,闪存_芯片_进出口_研发
SZ000895,食品_肉制品_加工_肉类
SH688256,证书_芯片_管理体系
SH603288,调味品_调味酱_蚝油_酱油
SZ300525,票据_非税_缴费
SZ002191,包装材料_镭射_包装印刷_租赁_印刷
SZ002223,手术器械_医疗器械_保健用品
01810,智能手机_部门_硬件_消费产品
SZ300741,香精_配料_食品
SZ002959,小家电_创意_研发_设计
SH600827,百货_超市_连锁_食品
SZ300347,弗若_沙利文_临床_临床试验
SH600918,投资基金_证券投资_证券_代销
SZ002124,饲料_饲料原料_养殖_水产品
SH688126,硅片_半导体_抛光片_集成电路
SZ000876,饲料_肉禽_饲养
SH600418,制造_汽车零部件_工装
SZ300122,生物制品_研发_疫苗_二类
SZ002027,媒体_生活圈_开发_运营_网络技术
SZ002129,半导体器件_材料_制造_光伏发电_半导体
SH600685,制造_船舶_集装箱_船舶制造
SZ300033,同花顺_信息服务_金融
SZ002230,语音_信息服务_软件_人工智能
01918,不动产投资_物业_物业管理
SZ002797,证券_证券投资_代销_资产管理
SZ002024,零售_家用电器_配件
SH603429,烟用_电化铝_接装纸_签纸_印刷品
SH600380,片剂_保健食品_食品_中成药
SH600703,芯片_超高亮_半导体_氮化
SH603027,糖色_调味品_酱油_添加剂_食醋
SH600867,胰岛素_注射剂_重组_塑料建材_甘舒霖
SH600529,药用_玻璃瓶_模制_专利
SZ002739,放映_制作_电影_发行_影院
SH603160,芯片_电子产品_开发_高新技术
SH603019,计算机_系统集成_软件开发_存储
SZ300760,型号_输液泵_营销_研发_工作站
SZ300676,经营项目_基因组学_企事业_科研机构_医疗机构
SZ300841,疫苗_二倍体_狂犬病
SZ000338,重型汽车_内燃机_零部件_车桥_汽车零部件
SZ002030,医疗_生物技术_诊断_设备
00853,医疗器械_器械_开发
SZ002142,代理_票据贴现_存款_保管箱
SZ002602,塑料件_注塑_塑料_制造_成型
SH601398,代理_外汇_年金
SH603976,药用_管制_玻璃_药制剂_瓶盖
SH600031,机械_起重机械_软管_混凝土
SZ000423,阿胶_范围
SZ300085,影像_技术开发
SZ300558,药品_谷维素_研发
SZ000776,证券投资_证券_财务顾问_投资基金_经纪
SH603259,研发_新药_医疗器械
SZ002405,电子地图_导航_开发
SZ002233,预拌_水泥_硅酸盐_混凝土
SH600763,投资管理_技术咨询_医疗_技术开发
SH601696,证券_资产管理_承销
SH603069,客运_汽车_客运站
SZ300146,研发_保健食品_经营项目
SH601933,现代农业_卖场_超市_特许加盟_零售
SH600352,染料_助剂_中间体_减水剂_原辅材料
SH601628,人寿保险_健康险_人身保险_意外险_团体
SZ300326,椎体_微创_医疗器械_成形
SH600900,水电_电力_水电工程_技术咨询_检修
00819,电池_铅酸_动力电池_电动
SH600267,兽药_研发_原料药
SH601688,证券_承销_资产管理
SH601990,证券_证券投资_代销_融资融券_资产管理
SH600298,酵母_安琪_食品
SZ002466,碳酸锂_电池_加工_化工产品
SH688180,研发_新药_药品
SZ002460,氢氧化锂_氟化锂_丁基锂_研发
SH601601,保险_监督管理_资金运用_再保险业务
SZ002457,水利水电_节水_制造
SZ000698,聚醚_多元醇_槽车
SZ002372,塑料管道_管道_管件_管材
SH601519,信息服务_互联网金融_软件
SH600999,证券_资产管理_证券投资_财务顾问
SZ300782,射频_专利_集成电路_前端_低噪声
SZ002581,中间体_农药_化学品_医药
SZ002385,信息服务_饲料_技术开发
AAPL,应用程序_第三方_配件
SZ002271,防水材料_建筑_防水工程
SZ002174,网络游戏_手游_卡牌_游戏
SH600547,金矿_黄金_矿山_选冶_焦家
SZ000987,资产管理_民生加银基金_公募_基金_融资租赁_信用评级_中诚信
SZ002463,电路板_连接线_连接器_组装
BILI,视频_用户_弹幕_社区
SZ002389,电容器_无人机_电池_背材膜
SZ000066,电源_网络安全_电子_高新
SH600588,年度_第一
SZ300496,研发_计算机软件_操作系统
SH601021,航空_客货运输_航空运输_客运
SH603005,封装_晶圆级_芯片_传感_芯片尺寸
SZ002371,电子_设备_元器件_真空设备_流量计
SH600535,胶囊剂_丸剂_颗粒剂_片剂_滴丸
SZ300003,医疗器械_配件_导管_球囊_支架
SH601099,证券_证券投资_承销
SZ002239,汽车空调_技术开发_压缩机
SH600109,证券_证券投资_咨询_承销
SZ000538,云南白药_中成药_云南省
SZ300233,头孢_制剂_原料药_中间体_侧链
SZ002555,手机游戏_运营_游戏_研发
SZ002008,激光_设备_研发_封装
SH600318,咨询服务_信息技术_软件
SZ000401,水泥_熟料_产能
SZ002821,生物技术_中间体_商业化_制剂
03690,服务公司_电子商务_外卖
SH601377,资产管理_证券_投资基金_咨询
SZ002074,电池_装机量_研发_设备
SZ002019,原料药_研发_高分子_医药
SZ002409,阻燃剂_阻燃_磷酸酯_亚锡_经营项目
SZ300142,疫苗_研发
SZ002508,厨房电器_吸油烟机_发明专利
SH600383,房地产开发_物业管理_开发
SH603799,前驱_研发_进口_锂电_材料
SZ000796,专控_面食_旅游_糕点
SZ300383,互联网数据中心
SZ300088,玻璃_导电_触摸屏_平板显示器_材料
SH601088,煤炭_铁路_电力_经营项目
SZ300136,天线_终端_移动_模组_连接器
SH601939,代理_政府债券
SZ300285,材料_知识产权_陶瓷材料_专利申请
SH600340,房地产开发_区域开发_企业管理_技术推广
SZ300293,清洗_自动化_智能装备_电气
SH601636,玻璃_镀膜_批零兼营
SZ000878,阴极铜_稀散_铁峰牌
SZ002156,集成电路_封装_测试_通富微电子股份有限公司
SZ002916,基板_封装_模块_印制电路
SH600185,房地产开发_口岸_建筑材料_港珠澳
SZ000625,汽车_制造_开发
SZ300206,医疗器械_兽用_实用新型_外观设计
SZ002100,饲料_疫苗
SH600511,药品_信息服务_有效期_原料药
SH600993,药品_批发_制造_零售
SZ000011,房地产开发_租赁_物业管理_房屋_餐饮
SH600332,批发_制造_原料药_零售_化学
SZ300498,肉猪_肉鸡_养殖
SZ000672,水泥_建材_劳保用品
SH600739,能源开发_供应链_连锁
SH601288,代理_外汇_托管
SH600127,粮油_食品_开发_药品
SZ000501,零售_批发_维修
SH600019,钢铁_代理_化工原料
SZ002352,咨询_货运_代理
SH600988,采选_利用业务_回收_黄金_有色金属
SZ002511,用纸_医疗器械_生活
SH600895,房产_通信服务_受让_地块
SH600079,医药产业_进出口_研发_医疗机构
06969,雾化_电子_解决方案_设备_制造
SH603690,计量_波汇科技_技术咨询_高纯
SH600016,代理_融资租赁_资产管理_政府债券
09988,电商_淘宝_天猫_阿里云
SH601872,运输_船舶_投资_国际
SH601216,氯碱化工_危险品_电力供应_循环
SH601162,证券投资_证券_代销_投资基金_资产管理
SZ002600,电脑配件_塑胶
SZ002152,柜员机_智能_解决方案_计算机_终端设备
SZ300595,眼视光_角膜_硬性_医用
SZ002236,安防_视频_嵌入式_监控
SZ002373,软件服务_代维_进出口
SZ002677,制造_集成_厨房电器_研发
FB,社交_分享_电脑_通讯
SH600143,制造_塑料_精加工_加工_仓储
SH603392,诊断_试剂盒_试剂_病毒_体外
SH601336,寿险_保险_资产管理_人寿保险
SH600211,涂膜_诺迪康_活素_胶囊
SH600291,前置_熟料
SZ002286,低聚糖_糖醇_糖浆_淀粉糖
SZ000789,水泥_硅酸盐_熟料
SH601108,资产管理_证券_融资融券
GSX,跟谁学_教育_学习_美好_互联网
SZ300663,银行_解决方案_系统_软件产品
SH600699,汽车电子_新能源汽车_控制系统_汽车
SZ000009,材料_生物医药_高新技术_新能源
SZ300002,通讯设备_信息服务_手机游戏
SH601633,汽车零部件_汽车整车_制造
SZ002351,汽车音响_多媒体_耳机_漫步者
02318,平安_资产管理_金融壹账通_金融_保险
SH600837,证券投资_代销_证券
SZ300144,演艺_旅游_演出_主题公园
SZ000564,专控_前置_商品流通
SH600690,燃气灶_洗碗机_电冰柜_万余
SZ002410,工程造价_软件
SZ002932,试剂_快速_检测_批发_诊断
SH601816,旅客_京沪高速铁路_运输_高铁
SH600801,著名商标_水泥_全优_胜马_建材行业
AMZN,用品_亚马逊公司_玩具_户外用品
SZ300837,破碎机_圆锥_给料机_振动筛
SZ002299,肉鸡_深加工_屠宰_饲养_建立
SZ300123,游艇_半导体器件_特种_设备
SZ002565,镀铝_真空_镭射_包装材料_加工
SH600741,研发_汽车
SH600498,光纤_线缆_附件
SZ300171,研发_科技咨询_冻干
SH600028,零售_批发_天然气_石油
SH600515,机场_咨询服务_投资_房地产
SZ002803,医疗器械_互联网_批发
02013,营销_解决方案_云端_中小企业_商业
SZ300601,疫苗_嗜血_乙型肝炎
SZ000786,材料_建筑材料_墙体
SH601319,人保_经纪_国务院扶贫办
SZ002624,制作_衍生_咨询
SH600621,证券_咨询_商务信息
JD,领先_电商
SZ002975,设备_测试_工业自动化_自动化_组装
SZ300502,模块_专利_实用新型_发明专利
SH601186,承包_房地产开发_勘察_工程_设计
SZ300261,中间体_替尼_医药_农药_二苯基
SZ300348,解决方案_系统集成_外包_计算机
SZ002572,家具_定制衣柜_批发
BNTX,患者_每位_利用_疾病_日该
SH603501,器件_半导体_分立_分销
SH600559,白酒
SZ000021,设备_自动化_通讯设备_系统
SH600198,医用_设备_移动互联网_设计
SZ002958,代理_本外币_零售银行业务
SH600178,发动机_零部件_汽车
SZ300253,医疗卫生_贰级_健康
03323,工程_水泥_玻璃纤维_复合材料
SH600111,稀土_材料_精矿_深加工
SH600598,房地产开发_种植业
SZ002273,元器件_光学光电子_薄膜光学_专利
03333,房地产开发_业务部_物业管理
SZ300070,资源化_污水_污水处理_反应器
SZ300346,甲基_材料_高新技术_光电
00336,香精_研发
SZ000807,炭素_铝锭_铝加工_重熔
SZ300251,影视剧_制作_演艺_电视节目
SZ002187,零售_仓储_批发_货物运输
SH600415,市场开发_商品销售_酒店
06178,证券_券商
SZ000851,销售业务_信息服务_通信_系统集成
SH600362,加工_冶炼_化工_贵金属_稀散
SZ000732,泰禾_商业地产_广场_住宅
SZ300661,集成电路_电子产品_芯片
SH601360,互联网_互联网安全_安全
SZ000860,鹏程_肉食品_白酒
SH600779,水井坊_八号_典藏
SH600446,金融证券_系统集成_购销_设备
SZ000513,注射用_原料药_试剂_诊断
SH600161,血液制品_球蛋白_免疫_血制
SH601857,天然气_原油_石油_化工产品
SZ000910,木地板_圣象_地板_人造板_刨花板
SZ300511,食用菌_鲜品_金针菇_工厂化_种植
AMD,台式_微处理器_工作站_笔记本电脑_服务器
SH600438,水产饲料_饲料_服务业_制造
SH601777,摩托车_配件_乘用车_汽油机
SZ002920,部件_系统_汽车电子_车载_车用
SH600183,管理体系_铜板_线路板_粘结
SH688318,软件_终端_信息服务_客户端
SH600223,房地产开发_鲁商_咨询_经营管理_建筑装饰
SZ300759,临床_药物_开发_一体化_研究
SZ300653,修复_质量管理_材料_再生_研发
SZ300236,上海市_化学品_配套_化学材料
SZ300124,工业自动化_伺服系统_变频器
SH600597,牧场_乳制品_食品_酸奶
SZ300207,工信部_电池_锂离子_研发_模组
SZ000671,房地产开发_中国房地产_电力_代购
SH603290,模块_半导体芯片_功率_并以
SZ002838,色母粒_弹性体_塑料_热塑性
SZ002151,基于_信息系统_位置
SH600845,信息服务_电信业务_数据中心_外包
SH601138,工业_制造_智能_互联网_研发
SZ300027,制作_发行_衍生_电影
SZ300009,技术开发_生物制品_生化
SZ000830,化工产品_化肥
01530,营销_子公司
SH688396,半导体_制造_封装_晶圆_智能
SZ300083,精密_零组件
SZ002507,榨菜_乌江_开胃菜
SZ300013,货物_供应链_仓储_电脑配件
SZ000612,电解铝_铝冶炼
SH603893,芯片_移动_集成电路_影音_研发
SZ300390,防静电_无尘_医疗器械
SZ000656,房地产开发_满意度_物业管理_开发
SH600061,资产管理_证券_主营业务
SH603993,基本金属_生产商_采选_深加工
SH600025,开发_建设_水力发电_产品销售_投资
02196,核心_治疗_系统疾病
SH600316,教练机_防务_维修
SZ000425,机械_工程机械_铲运_起重机械_压实
BA,商用_华盛顿州
SZ002050,元器件_膨胀阀_制冷_部件_汽车空调
TSM,制造_半导体_数位_积体电路
SH600809,汾酒_竹叶青
SZ002065,系统集成_软件服务_资质_软件
SZ300573,眼科_药物_眼用
SH600893,维修_发动机_零部件_航空
SZ002603,食品_饮料类_为准
SZ000938,计算_智能
SZ002422,胶囊剂_药品
SZ300464,连接件_滑轨_研发_隐藏式
SH600600,啤酒_青岛啤酒
SZ300296,显示_文旅新_市占率
SZ300465,系统集成_运维_移动互联网_广告
SH601698,电信业务_卫星
SZ002214,红外_热像仪_机电设备
SZ000636,电子_元器件_专用设备
SZ000540,房地产开发_房地产_投资_康体_股权投资
SZ300438,电池_锂离子_制造_充电
SZ000768,设计
SZ002640,跨境电商_亚马逊
SH603606,电缆_海洋_海缆
SZ002950,医用_敷料_耗材_研发
SH600522,电缆_光纤_电源_传输_通信设备
SZ000908,注射液_研发_胶囊_医药
SH603127,临床_安全性_药物
SZ002146,房地产开发_年度_经营项目_荣盛房地产发展股份有限公司
SZ002384,防护用品_电路板_医护人员
SH688012,设备_刻蚀_芯片_等离子体_半导体
SH603605,化妆品_卫生用品
SH600315,化妆品_用品_洗护类
SH600489,黄金_采选_冶炼
SZ002216,速冻_食品_示范_产业化
SH603882,医学_检验_病理_咨询服务
SH603899,文具_晨光_书写
SZ300529,灌流_血液_技术咨询
SZ002001,化学品_添加剂_易制毒_原料药_详见
SH600720,水泥_祁连山_开发_制造_批发
01336,寿险_保险_资产管理_人寿保险
SZ300633,设备_探头_研发_彩超
SH601225,煤炭_运输_完整
SH600095,卷材_防水
SZ002262,医疗器械_医药_研发
SH600711,进出口_有色金属_矿山_商品目录
SH688277,骨科_机器人_手术_导航_定位
00175,吉利_帝豪_汽车零部件_远景_自由舰
SH600956,天然气_清洁能源_领先
SH600487,光纤_光缆_设备_网络
00966,保险_财产保险_人寿保险
SH688363,透明质_酸钠_寡聚_生物_原料
SH601818,代理_金融业务_银行业务_政府债券
SZ300223,芯片_研发_视频
SZ002310,治理_设计_园林_企业管理
SZ300803,信息服务_证券投资_软件服务_电信业务
SH600884,锂离子_新能源_电池_材料
SZ000802,经纪_旅游_网剧_新媒体
SH603444,批发
SH601236,证券投资_证券_资产管理_投资基金
SZ002128,煤炭_废弃物_火力发电
SH601989,舰船_装备_配套_海洋工程
SZ002340,超细_镍粉_材料_钴粉_循环
SH603383,金融行业_股权_交易中心
01211,新能源汽车_研发_比亚迪_充电电池
SZ002258,原药_农药_制剂_氯代
SH601328,交银_村镇_金融债券_代理
06030,资产管理_证券_证券投资_经纪
SZ000519,超硬_配件_材料
SZ300418,互联网_进出口_游戏_代理
SH600521,原料药_中间体_制剂_医药
SH603881,数据中心_计算机_软硬件_通信工程
SZ002338,医用_仪器设备_光学材料_设备_测控
BLCT,蓝城兄弟_用户_家庭计划_开曼群岛_软件产品
SH603387,生化_注册证_体外_研发
SH600702,白酒_沱牌
SH601800,基建_疏浚_设计
SZ002740,珠宝首饰_银饰品_饰品_首饰_翡翠
SH600075,塑料制品_天业节水_加工
SZ300683,冻干粉_注射用_针剂_生长因子_批零兼营
SZ300450,锂电池_电容器_研发_光伏_卷绕
SZ001979,运营_邮轮_开发
SH601766,动车组_城轨_零部件_修理_装备
SH601669,电力_房地产开发_水利水电
SZ300192,胶印_油墨_教育_培训
SZ000750,证券_资产管理_证券投资_经纪
SH600459,贵金属_材料_功能
INO,疫苗_病毒_治疗_免疫
SH603719,类食品_食品_休闲_良品铺子_散装
SZ300182,解决方案_音视频_新媒体_软件服务_全台
SH605168,广告_营销
SH600176,玻璃纤维_技术开发_竞争对手
SZ002252,血液制品_凝血因子_检测
SH601009,代理_政府债券_金融债券_存款
SZ002655,电声_电子产品_组件_元器件_解决方案
SZ002428,红外光_矿产品
SZ002414,红外_热像仪_制冷
01610,猪肉_冷冻_生猪
SZ000157,机械_起重机械_环卫
SZ000975,有色金属_探矿权_贵金属_采选
SH600050,宽带_数据服务_网元_固网_增值
SZ002891,宠物_零食_宠物食品_湿粮
SH600068,工程_承包_进出口
SH601111,航空_邮运_货运_客运
SH601607,药品_原料药_保健品_医药_制造
00817,物业_开发_运营_租赁
SZ300072,净化剂_净化_企业管理_机械设备
SZ002612,女装_品牌女装_婴童_医疗美容
02202,房地产开发_物业_万科企业股份有限公司_供销业
SH600055,医疗器械_维修_进出口
SH603665,手套_手部_劳动防护_防护_解决方案
SZ002989,精装修_批量_房地产商_住宅_装修装饰
SZ300674,软件开发_系统集成_软件产品
SZ000877,水泥_混凝土_硅酸盐
SZ002601,钛白粉_硫酸铝
SH600712,零售_南宁市_维修_零售业务_进出口贸易
SH601231,电子产品_厂商_通讯
SZ002661,挂面
SZ300373,器件_半导体_功率_光伏
SZ002563,咨询服务_休闲服_羽绒制品_陈列架
SZ300378,软件产品_软件_智能化_数字化_解决方案
06060,保险_互联网保险_保险产品_健康
MSFT,微软公司_服务器_设备_解决方案_娱乐
SH600029,航空_邮运_港澳台地区
SZ300699,碳纤维_复合材料_研发_国家标准_预浸料
SZ002607,培训_就业_非学历_职业教育
SZ002163,幕墙_玻璃_建筑_施工_机场
MRNA,药物_推进
SH603195,开关插座_转换器_墙壁
SH601390,房地产开发_工程_咨询服务_设备_勘察
03900,房地产开发_开展业务_部门_住宅_物业
SH600201,投资管理_生物技术_房地产开发
SZ000831,稀土_氧化物_高纯_咨询服务_研发
SZ002038,重组_白介素_进出口_基因工程
SZ000738,控制系统_航空_发动机_衍生
SZ002985,刹车_刹车盘_摩擦片_进出口_机轮
SH601211,证券投资_证券
SH600419,乳品_经营项目_乳制品_加工_龙头企业
SZ300456,惯性导航_卫星导航_进出口
SH600305,调味品_香醋_色酒
SZ002597,添加剂_精细化工_食品_化工产品_高新技术
SZ300058,公共关系_广告_咨询服务
SH600118,卫星_应用_微小_研制_系统集成
SZ002387,研发_显示器
SZ002036,触控_模组_触摸屏_光学_显示
SH600004,航空_维修
SH600977,影视_电影_经营项目_影片_制作
SZ002169,设备_电气控制_制造_计算机
SZ002500,资产管理_期货经纪_证券_融资融券
SH600026,船舶_运输_租船
SZ300246,透析_医疗器械_血液_设备
06088,模组_无线通讯_机壳_资讯科技
SZ002028,设备_以下_电力_输配电_自动化
SZ002812,包装_加工_防伪_包装印刷
SZ002635,盖板_印刷品_零配件_模具
SZ300364,出版物_互联网_出版
SH600667,化纤_涤纶_配件
SZ000089,资产管理_民生加银基金_公募_基金_航空_客货_过港_深圳机场_客货运输
SH688561,安全_网络安全_企业级
SH600188,货物运输_煤炭采选_矿区
SZ000961,房地产开发_工程施工_建筑施工_资质证书
SZ002925,制造_口罩_两化_贯标_试点企业
SZ300413,新媒体_零售_电子产品_互动娱乐
SZ300598,软件_软硬件_计算机
SZ300666,射靶_高纯_销售业务_工作站_发明专利
SH600886,电力_装机_水电_经营管理
SH603258,手游_网络游戏_梦塔防_三国
BIDU,搜索_百度_中文_营销_互联网
SZ002558,网络游戏_主营业务_运营_咨询_游戏软件
SZ002396,企业级_开发_网络
SH600085,同仁堂_同仁_胶囊剂_营养液
SZ001696,零部件_发动机_摩托车_研发
SZ300824,北鼎_数字化_家用电器_五金件
SH601919,投资管理_集装箱_码头_中远海运港口_船舶
SH603236,模组_无线通信_解决方案_联网
SZ002429,视频_视听
SH600177,针纺织品_房地产开发_雅戈尔集团股份有限公司_纺织服装
SH603658,试剂_研发_体外_诊断
03968,外汇_代理_政府债券
SZ002938,用板_印制电路_经营项目_板卡
SZ002839,本行_代理_公司业务_政府债券
SZ300501,高阻隔_包装材料_复合材料_药品
SZ002541,钢结构_制造
SZ300238,材料_植入_医用_敷料_再生
SH600804,因特网_安防_工程施工
SZ000158,通信设备_零配件_进出口_纺织品
SZ002402,控制器_智能_电子产品
02333,汽车零部件_汽车整车_制造
SH600460,集成电路_电子_元器件_外经贸部
SH601916,代理_零售银行业务_政府债券_金融债券
SZ300494,信息服务_互联网_计算机
SZ002208,房地产开发_商业地产_开发
SH603858,中成药_用药_研发_胶囊剂
SZ300602,器件_导热_屏蔽_电磁_研发
SZ002461,啤酒_生啤酒_知识产权_生物技术_饲料
SZ002481,淀粉_粉丝
SZ000848,省级_饮料类
SZ300458,互联_处理器_无线_芯片_高性能
SZ300454,信息安全_企业级_及物_联网
SH603043,分支机构_零售_批发
SH603939,医疗器械_零售
SH605199,头孢_注射用_盐酸_头孢菌素_制剂
SZ000729,啤酒_塑料箱_进出口_酵母_矿泉水
INTC,微处理器_计算机_英特尔_芯片组_元件
SH601988,外汇_代理_发行
SZ002605,扑克牌_销售业务_网络游戏
SH688019,集成电路_抛光液_半导体_研发_材料
SZ000426,经营项目_有色金属_采选_冶炼
SH601006,铁路_货物运输_运输
SZ000592,营林_造林_林木_林业
SZ002557,坚果_炒货_洽洽
SH600346,长丝_涤纶_民用_聚酯切片_聚酯薄膜
SZ002524,眼科医院_眼科_钢结构_诊疗
SH600587,设备_医疗_制药
02799,资产管理_不良资产_投资
SZ000728,资产管理_基金_投资管理_年金_银瑞信_证券_排名第_证券投资
SZ002707,旅游_代理_咨询_出版物
SZ002035,家用电器
SH603697,肉制品_风味_凤爪_豆制品
SZ002044,体检_健康_医疗_主营业务
WIMI,全息_视觉_微美全息_计算机
SZ300685,诊断_精准医疗_肿瘤_分子_医疗器械
SH600406,自动化_系统集成_技术咨询_软硬件
SH600641,房地产开发_海尚_明城_国内贸易_五金
SZ002055,连接器_精密_组件_电子_模具
SZ002449,光电_组件_类产品_器件
SH600057,批发_供应链
SZ002912,网络_基础架构_可视化_安全
SH600338,精矿_铜精矿_矿产资源_原矿_开采
00956,天然气_清洁能源_领先
SZ002980,仪器仪表_知名品牌_乐鱼_开发_检测
SZ002901,医用_植入_二类_耗材_设备
SZ002551,医疗_工程_医院_医疗器械
SH600283,经营项目_咨询
SZ300017,互联网数据中心_软硬件_分发
06066,证券_证券投资_投资基金
SH603189,视频_技术开发_媒体_开发
SH601881,证券_经纪_投资管理
SH601689,夹具_汽车零部件_五金工具_电子电器_减震器
SH603589,白酒_口子_口子窖
SZ300842,电池_电子_材料_银浆_浆料
SZ002436,小批量_样板_印制_基板_封装
SH603000,信息服务_互联网_新闻
SZ002023,航空_维修
SZ300244,诊断_注册证_技术开发
SZ000596,白酒_包装材料_农副产品
SH600371,玉米_种子_深加工
SZ002032,炊具_小家电_苏泊尔_厨房用具_日用五金
SH603601,纤维_材料_口罩
08083,第三方_支付
SZ300274,储能_电源_风能_新能源_光伏
SH600862,刹车盘_材料_航空_机型_刹车
SZ300342,压缩机_冰箱_制冷
SH600000,外汇_代理_政府债券
SZ300576,油墨_化学品_光刻胶_感光_配套
SH601901,资产管理_证券_证券投资_经纪
SZ300308,电机_定子_绕组_工序_制造
SH603156,核桃_核桃仁_饮料_植物蛋白_六个
SH601952,种植_农业_稻麦_产品销售
SZ002548,猪用_饲料_生物医药
SZ002701,包装_应用_开发_覆膜
SH603568,垃圾焚烧_垃圾_固废处理_处理
SH601600,氧化铝_富时_铝矿
SZ002444,批发_零售_零配件_进出口
SZ000006,房地产开发_数百万平方米_土地开发_振业
SH603713,报关_供应链_仓储_集装箱
SZ000166,股权投资_投资_评级_投资管理
SZ000681,娱乐_版权_视频
SH603866,面包_食品_烘焙
SH603385,卫浴_卫生陶瓷_惠达
SZ300381,酶制剂_饲用_饲料_研发
SH603983,化妆品_我国_优良品种
SZ300832,分析仪器_试剂_医用_化学发光_医疗器械
06186,奶粉_婴幼儿_配方_弗若_按二零一
SZ002353,油田_专用设备_配件
SZ300294,球蛋白_免疫_血液制品_注射液_静注
SH603305,零部件_压铸_汽车零部件_新能源汽车_研发
SZ000936,涤纶_仓储_资产管理_研发_化学纤维
SH600812,原料药_药用
SZ300738,网络_增值_互联网
00656,投资_钢铁
SH603650,助剂_特种橡胶_精细化工
SH603517,卤制_休闲_食品
01347,半导体_器件
SZ002292,动漫_玩具_制作_授权
SZ002585,材料_聚酯_聚酯薄膜_光学_电容
SZ300846,软件服务_进出口_电子产品
SZ002120,快递_胡润_物流_综合
SH600872,高新技术_投资
SZ000735,农副_加工_代缴_代收_水产品
SZ002990,口岸_智能_系统_查验
SZ002751,展示_研发_应用_设计
SH600329,制剂_中成药_保健品_制造_中药
SZ002673,资产管理_证券_融资融券
SH603313,记忆_家居_床垫_二异氰酸酯
SZ002987,外包_信息技术_业务流程_金融机构
SZ300315,信息服务_游戏_互联网_上线_电信业务
SH600518,中药饮片_中药材_保健食品_原料药
SH601865,玻璃_光伏_镜子
SZ002138,片式_通讯_方案设计
SZ000988,激光_光通信_全息_防伪
SZ300783,三只松鼠_粉丝_食品_旗舰店
SZ000998,种子_种苗_水稻种子_高科技
SZ002609,智能_停车场_安防_停车_管理系统
SH601555,资产管理_证券_证券投资_经纪
SZ300098,通信_监控_运维_通信设备
SZ000603,精粉_采选_含银_矿山
SZ300612,整合营销_咨询
SZ002084,制造_器具_批发_五金件_配件
SZ000547,制造_设计_设备设计_产品设计_电磁
SZ002048,汽车零部件_零配件_仪表仪器_交电_宁波华翔电子股份有限公司
SZ300527,应急_工程_装备_交通_消防
00934,原油_运输服务_租赁
SZ300357,粉尘_滴剂_诊断_脱敏_专利
SZ000153,注射剂_滴眼剂_胶囊剂
SZ300041,胶粘剂_化学品_制动液
SZ300316,设备_生长_晶体生长_制造_单晶硅
01548,生命科学_研究
SZ002281,子系统_电子器件
SZ002364,开关电源_高频_技术咨询_设备
SZ002697,信息服务_零售_连锁_超市
SZ000421,代理_汽车
SZ002081,资质证书_承接_施工_工程_设计
SZ002905,分支机构_零售_电影
SZ300386,智能卡_密码_信息安全_研发
SH603317,调味料_底料_食品_火锅
SZ002669,胶粘剂_军工行业
SZ002791,五金_构配件_建筑_门窗_幕墙
SH605108,同庆楼_餐饮_分支机构_顾客
SZ300770,广播节目_电视_制作_视听
SZ002567,饲料_肉品_种猪
SZ300339,智慧能源_数字化_解决方案_金融科技
SZ300168,系统集成_机械_电器_计算机专业_试销
SZ300618,钴粉_进出口
SH688111,办公_软件产品_软件
SZ002123,电子产品_设备
SZ002465,通信设备_导航_设备
01177,西药_制剂
SZ002583,对讲机_配件_通信设备_通讯器材_无线
SZ002131,营销_园林机械_机械制造_植保
SZ300001,智能_箱变_变配电_新能源汽车
SH601020,选矿_金属矿_经营项目_贸易_有色金属
SH600926,外汇_代理_政府债券
SZ300115,精密_连接器_模组_结构件_模具
SZ002222,晶体_元器件_光学_电光_激光器
SH600398,海澜之家_高档_精纺_工作服
SH600089,多晶硅_承包_工程_太阳能
01951,生殖_辅助_服务供应商_弗若
SH603718,兽用_疫苗_活疫苗_生物制品
SH603533,互联网_信息服务
SH600834,地铁_融资租赁_一号线
SH600115,航空运输_航空
SZ002413,雷达_存储_卫星导航_系统
SH688567,系统_电池_研发
00392,分销_管道_啤酒_天然气
01093,用药_原料药_药品_成药
SZ000623,医药_仓储_修理
02601,保险_监督管理_资金运用_再保险业务
SZ300166,化学品_配件_气轮机_轮机_信息服务_计算机
SZ300847,墨粉_成像_耗材_研发_复印机
SH600516,炭砖_炭素_石墨
SH600197,白酒_分支机构
SZ300474,电子产品_雷达_专用化_显控_可靠
SZ300497,原料药_舒巴坦_巴坦_西林_他唑
SZ300024,机器人_自动化_装备_制造
DAL,机场_亚特兰大_航线_达美航空公司
SZ300408,陶瓷_陶瓷封装_片式_电阻器_电子元件
SH601179,输配电_设备_制造_成套
SZ002625,材料_研发_汽车座椅
SZ002562,化学品_添加剂
SH688520,研发_单克隆_蛋白_疫苗
SH600410,系统集成_软件
SZ300097,全自动_设备_装备_自动化_检测
SH600908,存款_代理_贷款_公司业务
SZ002261,教育_运营
SH603369,白酒_高沟_国缘_今世缘
SH600718,软件_结合_解决方案_东软_软件技术
SZ300036,软件_地理信息系统
NFLX,电视节目_互联网_电影_奈飞公司_流媒体
SZ002432,设备_器材_须经_医疗器械
SZ002683,民爆_爆破_工程_器材_矿山
SZ002180,集成电路_耗材_配件_墨盒
SH600271,金税产业_电子信息_软件信息
SH601860,外汇_农商_代理_银行
SZ002570,婴幼儿_食品_奶粉_配方
SZ002737,年度_中成药_药品_研发
SZ000783,证券_资产管理_代销_承销
NVDA,处理器_图形_视频游戏_英伟达公司
00799,手机游戏_开发_游戏
SZ300363,创新药_医药
SZ300485,纤溶酶_注射液_注射用_糖肽_薄芝
SZ002690,设备_光电_口腔科_检测
SH601238,汽车_商贸_板块_研发
SZ002179,设备_连接器_新能源汽车_元器件_器件
SZ300624,软件_智能_硬件_消费类_设备
SZ300358,机电设备_管道_设备_工程
SZ300482,制造_生物技术_诊断_零售
SZ002918,陶瓷产品_瓷质_陶瓷砖_高品质
SZ000903,农机配件_柴油机_电子产品_汽车配件_机组
SZ300607,设备_供料_自动化_工程_机电
SH601117,工程_建筑工程_勘察_环境治理_基础设施
SZ300012,检测_校准_第三方_研究院
SZ002025,连接器_继电器_光电子_组件
SH600150,造船_船舶_柴油机_总量
SH688177,创新药_生物技术_药品_研发
SH603659,材料_电池_涂布机_锂离子_涂覆
SZ300463,生化_医疗器械_类产品_诊断
MOMO,陌陌_网络平台_社交_移动_陌陌公司
SH601100,液压_油缸_高压_柱塞泵_测试台
NTES,游戏_用户
SH601609,加工_铜棒_漆包线_阴极铜_铜线
SH688399,诊断_试剂_检测_体外
SZ002317,研发_药品_头孢
SZ002332,类药物_制剂_原料药_乳膏_注射用
SZ002110,加工_及延压_盘圆_闽光_冶炼
SZ002815,线路板_印制电路_小批量_咨询
SZ002439,安全_网络安全_网关_进出口
SZ300298,检测_系统_传感
SH603801,厨柜_定制衣柜_整体_名仕
SZ002675,原料药_软骨素_肝素钠_制剂_硫酸
00388,结算_部门_股票交易所_股本证券
SH601658,银行业务_代理_本行
SZ300638,无线通信_模块_通信_解决方案_网关
SZ300840,设备_信息服务_定制_制造
SH688568,数字地球_技术开发_进出口
SZ002171,研发_带材_材料
SZ000917,影视节目_广告代理_制作_网络
SZ000524,零售_经营项目
SZ000400,设备_自动化_电力_智能
00763,系统_通讯_工程_设备
TAL,教育_学而思_网校_课外辅导_好未来集团
03883,物业_中国奥园_股份有限公司
SZ300379,中间件_软件_应用_分布式
SZ300045,芯片_仿真_卫星导航_测试_基带
SZ002126,热交换器_汽车零部件_建有
01797,在线教育_服务供应商_新东方_弗若_总营
SZ002613,玻璃钢_深加工_玻璃_低辐射_镀膜
SH600038,直升机_航空_开发_研制
SZ002709,化学品_制造_监控_危险
CCL,邮轮_旅游_荷美_阿拉斯加
SH601169,外汇_代理_设立
SZ002232,信息服务_汽车电子_管理系统_资质证书_管理软件
SH601606,军品_股份有限公司_安徽_长城军工
SZ002850,结构件_锂电池_精密_研发_经营项目
SZ300183,载波通信_电力线_低压_进出口
SH600425,水泥_油井_建材_化工产品
SH600391,燃气轮机_航空_零部件_非标准
SZ002926,资产管理_证券投资_证券_证券化
01458,卤制_休闲_营销
01448,殡仪_墓地_墓园
SZ002092,液化_聚氯乙烯_压缩_树脂
SZ000528,装载机_工程机械_配件_平地机_铣刨机
GILD,吉利德科学公司_加利福尼亚_生物制药_艾滋病
SH600018,港口_集装箱_装卸_船舶
SH603722,聚醚_研发_树脂_光学材料_化工新材料
SZ002847,天弘基金_公募_基金_持股_管理_休闲_食品_品类_蜜饯_坚果
SH600580,蓄电池_装置_变压器_电机_承包工程
SZ000058,物业管理_租赁_技术开发
SZ002928,支线_航空_货运
SH600783,磨具_磨料_创业投资
SZ300740,面膜_化妆品_广告
PSA,寄存_自主_自助_存储_大众仓储
SZ000050,显示器_天马_设计_液晶
SZ002698,成套设备_后处理_设备_全自动_码垛
SZ002367,电梯_自动扶梯_人行道_配件_自动
SH600037,信息服务_电信业务_广播电视_电视节目_增值
SZ300299,通信_网络
SZ001965,公路_交通科技_交通_基础设施
SZ300401,维生素_添加剂_钙化
SZ002183,供应链_购销_批发
SZ300725,砌块_研发_药物
SH600958,证券投资_证券_代销_投资基金_融资融券
01873,药物_生物科技
SE,集成_电子商务_控股公司
BYND,肉类_享受_食用植物_消费者
LK,咖啡_高品质_领先_新体验_瑞幸咖啡有限公司
SZ002977,固态_雷达_研发_弹载
SH603833,制造_批发
SH600195,饲料_保健品_动物_进出口_饲料原料
SH600199,白酒_酒类_种子
SZ300118,太阳能_光伏_灯具_电池组_新能源
SH600705,股权投资_财务公司_实业_租赁_信托
SZ000555,集成_应用软件
SH600258,如家_酒店_首旅_运营_景区
SH603345,速冻_鱼糜_肉制品_面米
SZ002747,数控系统_伺服系统_机器人_机械装备
SZ300054,耗材_打印_快印_材料
02186,治疗_药物_心血管
00357,航空_美兰机场_出租_美兰
SZ002013,航空_系统_机电
SZ000700,汽车零部件_模塑_高科技产品_塑料制品
SZ002022,试剂_体外_诊断_临床_免疫诊断
SZ002705,小家电_电热水壶_免验_面包机
SH600116,供电_电力_勘察
SH601877,低压电器_电器_研发_光伏
SH603138,解决方案_软件服务_数据管理
SH600208,商业贸易_房地产_电子计算机
SZ002041,杂交种_农作物_玉米_种苗
SZ002298,工程_施工
SH688106,气体_工业气体
SZ000526,教育_培训_咨询
SZ300561,设计_研发_解决方案_银行
SH600466,荣获_中国房地产_房地产开发_房企
SZ300052,运营_游戏_网络游戏
SZ002020,发明专利_制剂_制备_原料药_详见
SH600682,百货_技术咨询_保健食品
SZ000652,股权投资_区域开发_贸易_生态
SZ002075,用钢_特钢_黑色金属_冶炼
SZ300673,宠物_宠物食品_咬胶_研发
SZ002867,首饰_门店_周大生_珠宝首饰
SZ002930,仓储_物流_码头_代理_货运
00241,电商_医药电商
SZ000869,葡萄酒_白兰地_保健酒_露酒
SZ002829,惯性_系统_技术开发_无人_进出口
SH603488,电梯_电梯门_轿厢_及门_配套
06862,海底捞_外卖
SZ300323,芯片_蓝宝石_半导体_材料
SH603638,液压_液压件_产品质量
SZ002702,速冻_类产品_肉制品_余种_鱼糜
SZ002291,零售_皮革制品_移动互联网_皮鞋_批发
SZ002841,主控板_液晶显示_平板_交互_设备
SH603739,酶制剂_兽药_生态_发明专利
SH601001,采掘_加工_洗选_工程施工
SZ002106,触摸屏_电容式_导电_器件_触控
SZ000516,西安国际医学_医疗_高新医院_医院
SH600206,材料_抛光片_稀土_贵金属_硅单晶
SH603187,商用_冷链_设备
SZ300476,线路板_高密度_印制电路
SH601778,电站_光伏_运营_太阳能_互补
SH601615,新能源_风力_发电_运营_管理
SZ000800,一汽_机械设备_整车_车箱
SH603538,中间体_原料药_医药原料_研发_胶囊
SH601998,代理
SOGO,搜狗_搜索引擎_输入法_中国互联网_搜索
SH600138,旅游_代理
SH600426,化学肥料_化工产品_供热
SH600919,代理_银行业务_外汇
SH688008,芯片_人工智能_服务器_集成电路_解决方案
SH603489,电机_电气系统_传感器_电踏车_研发
SZ002498,电缆_电线电缆_电缆附件
SZ002946,乳制品_乳饮料_常温_低温
SZ300777,碳纤维_高性能_研发
00772,网络文学_运营_内容
SZ300773,支付_收单
SZ300031,输送带_各类_技术咨询_软硬件_制作
SZ002237,黄金_冶炼_化学品_危险
01801,单抗_中国生物制药_类似_生物_信达生物
SZ002568,香精_香精香料_烟用
01030,物业_物业管理
SH600323,固废处理_供水_排水_污水处理
SH603787,电动_零部件_摩托车_自行车
SZ000060,冶炼_有色金属_矿产品_深加工
SH603886,元祖_烘焙_食品_月饼
SH603776,自行车_系统_共享
SZ300178,旅游_金融服务_差旅_代理业务
SZ002285,房地产_物业管理_咨询_建筑装饰
API,实时_音视频_开发者
SH600604,咨询_孵化_载体
SH600010,储量_钢铁
SZ002202,风力_风电_风电场_风机_发电机组
SH600377,高速公路_公路沿线_沪宁_路桥
BGNE,靶向_癌症_肿瘤_药物_分子
SZ300319,电子产品_元器件_集成电路_货运
SH600392,稀土_深加工_材料_稀土金属
SZ300113,网吧_互联网_增值_娱乐
SZ300655,化学品_光刻胶_超净_化学材料
SZ002650,食醋_味精_酱油_鸡精
SH603733,用纸_特种纸_研发
01877,研发_新药_药品
02233,水泥_西部水泥_尧柏
SH600297,乘用车_汽车_融资租赁_配件
SH601985,核电站_核电_运营_第一座
SH600325,房地产开发_粤港澳_五金交电_五金工具
SZ002192,改性沥青_采选_沥青
SZ000016,电子产品_设备
SH600336,冰箱_澳柯玛_展示柜_冰柜
SH600546,煤炭_新能源开发_煤焦_咨询服务_副产品
SH601212,应用_贵金属_冶金矿产_研究
SZ002869,射频_智能交通_电子支付_识别
NIU,小牛电动_电动车_智能_两轮_出行
SZ000960,深加工_有色金属_矿产品_金属
SZ000686,证券_证券投资_承销_保荐
SZ002851,电源_智能_工业自动化_新能源汽车
SH603987,医用_穿刺_标准化
SZ300303,器件_光电_照明
SH600909,证券_证券投资_资产管理_代销
SH600586,玻璃_超白_原片_浮法玻璃
09618,领先_电商
SZ300767,减隔震_隔震_支座_建筑_橡胶
01830,纤体_必瘦站_美容_澳门
06185,疫苗_研发_百白破_博拉_脑膜炎
SZ002079,二极管_汽车电器_高压硅堆_半导体芯片_集成电路
NVAX,疫苗_纳米_候选_诺瓦瓦克斯_颗粒
SZ002104,磁条卡_密码_票证
SH603078,光刻胶_化学品_试剂_电子_超净
SZ000639,胚芽油_中国食品工业协会_中国玉米油_玉米
SH600072,钢结构_船舶工业_我国_施工
SH600452,电网_电力供应_承装
KC,金山云_基础架构_企业级_电商_有限责任公司
SH688298,诊断_试剂_体外
SZ300037,化学品_电容器_电解液_锂离子_化学材料
SZ002127,咨询
SH603885,客货运输_航空_吉祥航空_基地
SH601838,亿元_商业银行_我行_代理
SH688016,主动脉_外周血_医疗器械_支架
SH600765,液压_液压件
IQ,爱奇艺_视频_内容_营销
SH600165,活性炭_二酸
SZ300748,钕铁硼_高性能_永磁_材料_研发
SZ300443,电主轴_锻件_研发_金属制品_多项
SZ300149,低聚_研发_半乳糖_食品_果糖
SZ002458,种鸡_饲养_雏鸡
SZ002956,燕麦片_燕麦_食品_西麦
SZ300138,提取物_食品_棉籽
SH600268,系统_自动化_工程_设备_调度
SZ000761,钢坯_副产品_钢板_购销
SH600486,农药_菊酯_精细化工
SZ300377,软件_外包_托管_资产管理_金融信息
SH600531,阴极铜_硫酸_电解_铅锭
SH600056,医用_设备_手术器械_器具
SZ300556,视觉_综合_技术开发
SH600697,百货_经销
SH603816,出口配额_软体_客厅_进出口
SH603233,信息服务_中药饮片_连锁_零售_抗生素
SH603338,高空作业_经销_制造_易制毒
SZ002197,设备_工程
SZ300843,连接器_新能源汽车_电子_组件
02020,体育用品_安踏_配饰_鞋类
LI,创新者_理想汽车_有限责任公司_新能源汽车
SZ300481,酸酐_材料_中间体_顺酐_衍生物
SH603520,原料药_造影剂_中间体_氧氟沙星_葡胺
SZ300314,医疗器械_婴儿_保育
SZ300630,地氯雷_霉素_经营项目_悬剂
SH603103,放映_电影_影院_院线
SH601038,拖拉机_农业机械_叉车_动力机械
SH601168,冶炼_贸易_租赁
SZ002582,红枣_肉脯_果干_炒货_食品
SH603985,锻件_辗制_环形_供应商_研发
PFE,保健产品_辉瑞公司_医疗保健
SZ300459,移动互联网_开发
SZ300623,半导体芯片_器件_功率_研发
SH600409,硅氧烷_氯化钙_烧碱_聚氯乙烯_纯碱
SH600219,铝合金_铝及
SZ300212,智能交通_智慧城市_信息服务_系统工程_进出口
SZ002610,太阳能_光伏_配件_发电_热电站
SZ000650,药品_软膏剂_胶囊剂_健康_颗粒剂
SH603920,印制电路_线路板_互连_研发
SH600053,投资管理_房地产开发_南昌_私募股权
SH600750,江中_消食片_江中亮
WFC,银行_经纪_通过_富国银行集团公司
SZ002437,注射液_粉针剂_注射剂_冻干粉_胰岛素
SH601618,工程_房地产开发_开发_承包
SZ002078,机制纸_纸制品_纸板_用纸_浆纸
SZ000990,医疗
SH603198,迎驾_白酒_研发
SH688169,智能_机器人_清洁_扫地_试点企业
SZ300791,保健食品_营养
SZ300829,乳酸_乳酸盐_复配
SZ002069,专利_经营项目_加工_水产品
SH600449,水泥_混凝土_宁夏_熟料
SH601966,轮胎_汽车轮胎_子午线
SH603128,物流_跨境_货代_在内
02628,人寿保险_健康险_人身保险_意外险_团体
SZ002859,载带_胶带_元器件_薄型_电子
SH600456,钛合金_加工_协会
SH600073,食品_午餐肉_罐头食品_梅林_罐头
AAL,美国航空_美国航空公司_沃斯堡
SZ300567,系统_检测_研发_测试
03898,电气系统_养路_铁路_城轨
SH601233,涤纶_长丝_民用_出口配额
SH600723,燕莎_食品_购物中心
02899,铜矿_冶炼_矿产资源_储量
SH600609,配件_汽车_经营项目_制造公司
SH603466,展示_设计_科技_建设工程
SZ300845,轨道交通_计算机_研发_真实
SH603068,集成电路_芯片_无线_设计_无线通讯
SH603660,视频会议_视频_信息系统
SZ002727,连锁_药店_药品_零售
SZ300693,系统_电源模块_微网
02002,纸品_卡纸_阳光纸业_白面_蒸汽
SH600567,特种纸_纸箱_纸板_原纸_板纸
SZ000710,检测_医学_测序
SH600282,获评_压延_钢坯_黑色金属
SZ002681,电声_核心部件_智能_飞利浦
SZ300628,解决方案_通信_音视频_统一_提供商
SH688018,芯片_模组_年度_联网
SH600882,奶酪_乳制品_液态奶_黄油_奶粉
SH600221,航空_代理服务_兼业
SZ300202,金融电子_解决方案_设备_办公自动化_金融
SZ000818,聚醚_技术开发_烧碱_电子产品
SH603208,研发_防火门_设计
SZ300263,系统集成_材料
SZ300213,调度_系统_通信系统_成员_指挥
SH601595,电影_放映_发行_院线_影院
SZ300451,数字化_医疗器械_工程
SH600771,中药_胶囊剂_龟龄集_定坤丹_牛黄丸
SH600066,定线_客车_旅游
SZ300010,解决方案_教育
09997,耗材_微创_外科手术_参与者
SH603708,超市_零售_卖场
03888,网络游戏_休闲游戏_手机游戏_互联网安全
SZ000038,房地产开发
06837,证券投资_代销_证券
SZ300785,电信业务_不得_值得买
SZ000932,热轧_带钢_超薄_冷轧板_线材
SZ002852,菜籽油_植物油_食用_调和油_压榨
SH603737,涂料_建筑_工程_胶粘剂
SH603666,机器人_研发_巡检
SH603811,原料药_药品_医用
QTT,用户_资讯_活跃_趣头条有限公司_有限责任公司
SZ002077,集成电路_租赁_建设_物流
SZ300468,计算机_系统集成_维护_外包
SH688165,机器人_系统集成_整机_研发
SZ300427,制造_专用设备
SH601890,系泊_船用_锚链_附件_海洋工程
SZ300327,售后服务_集成电路_芯片
SH600975,饲料_肉品_生猪_养殖
SZ300420,汽车配件_轮胎_润滑脂_润滑油_车轮
SH603093,期货经纪_资产管理_投资基金_南华期货_期货
SZ000049,锂电池_电池_管理系统_电源_封装
SH603686,城乡_垃圾_环卫_垃圾车
SH600814,百货_零售
06078,放疗_医疗_肿瘤_九年_肿瘤科
SZ000733,电子_集成电路_灭弧_自产自销
SZ002311,饲料_畜禽_水产_预混料_配合
SZ002204,制造_设计_调试_机电设备
SZ300850,轴承_支承_锻件_回转_盾构
SH600645,干细胞_基因工程_技术开发_生命科学_产业化
SZ002469,硫磺_工程_回收_工程设计
SZ001914,物业_物业管理_资产管理_房地产开发
SH601200,固体废弃物_处置_污水处理_运营
SH603906,车用_化学品_养护_润滑油
SZ300658,面层_卫生用品_进出口_材料_打孔
SZ002046,轴承_磨具_磨料_超硬
02018,器件_扬声器_受话器_微电机_触控
SH603883,零售_信息服务_药品_食品
SZ002734,杀菌剂_农用_阿维菌素_农药
SH600171,集成电路_电表_设计_工控
SZ000411,医疗器械_咨询_药品_医药
SH603916,外加剂_减水剂_混凝土_土木工程
SH600728,智能化_解决方案_集成
SZ002506,光伏_太阳能_组件_新能源汽车
SZ002939,证券投资_证券_代销_资产管理_融资融券
ZM,视频_易于_更名_可扩展性
01359,资产管理_不良资产
SZ002755,注射剂_质子泵_抑制剂_奥赛康药业_抗肿瘤
SZ002468,快递_化学品_申通快递_派送_危险
SH600369,证券_证券投资_资产管理_代销
SZ002194,射频_子系统_研发_滤波器_器件
00708,健康_杂志_整形外科
SZ300322,天线_无线通信_终端_卫星定位
SZ300737,防水材料_防水工程_防水涂料
SH600153,房地产开发_物流_实业_厦门建发股份有限公司
SZ000723,氢燃料电池_煤炭_新能源汽车_煤层气_产业链
SH603636,政务_中台_系统集成
SZ002837,设备_温控_机柜_系统_机房
SH603868,电器产品_护理_研发
SH601058,轮胎_半钢_全钢
OXY,天然气_液化_凝析油_化工_西方石油公司
SZ000488,造纸_机制纸_热力
SZ000019,粮油_加工_食品_储备
01988,代理_融资租赁_资产管理_政府债券
SZ000826,固体废弃物_运营_技术咨询_处置
SZ000829,转售_通信设备_移动
SZ002368,信息系统_应用_设计_信息安全
SZ300620,器件_光纤_工作站_激光器_光电
SH600330,电子部_制造_材料_磁性材料
SH601727,设备_机电_交通设备
SH600655,饰品_企业管理_百货_黄金珠宝
SZ000997,计算机应用_销及_消防工程
SZ002242,豆浆机_小家电_品类_面条机_炸锅
SZ000503,电子商务_信息服务_资产管理_网络_医药
SH600612,工艺美术品_笔类
01171,货物运输_煤炭采选_矿区
SZ300763,逆变器_光伏_风力_太阳能
SZ000951,底盘_重型_专用汽车_专用车_汽车配件
SH603633,连接器_屏蔽_电子元件_研发
SH600674,高新技术_清洁能源_电力
WB,微博_内容_实时
02400,游戏_运营_海外
SZ002577,自动化_机器人_电子设备_外商投资
SH600879,航天_卫星_设备
SH600967,铁路车辆_零部件_制造
SZ002335,设备_制造_电源
SZ002217,触屏_化工_配件
SZ002343,制作_经纪_影视剧
00005,金融服务_中东_汇丰控股有限公司
SH600372,航空_电子_京外
SH603060,批准书
SH600782,制造_维修_电缆_棒材
SH603020,香精_化学品_香料_食品_配料
SZ002646,青稞酒_研发_白酒
SH600673,化工产品_医药制造_合金材料_亲水_研发
SZ300007,气体_研发_检测仪
SH603378,建筑_功能型_保温_涂料_保温材料
SH600507,弹簧_加工_副产品_原燃
SZ000034,数字化
SZ000685,农批_农贸_污水处理_自来水
SH600233,快递_物流_综合性_国内
SH600496,钢结构_经营项目_工程_设计_施工
DIS,网络_国内_媒体
SZ000793,运营_广播_网络游戏
06099,证券_资产管理_证券投资_财务顾问
SH600326,承包_工程施工_贰级_公路
SH688036,非洲
01317,国际学校_学校_办学_营运_高中
SH600839,无人机_冰箱
SH600789,医药_抗生素_霉素_中间体
SZ002960,系统_消防安全_火灾_监控
ROKU,流媒体_广告商_内容_出版商
SH603613,互联网_信息服务_医疗器械
SZ000090,工程施工_租赁_物业_房地产开发
SZ002308,高分辨率_拼接
SZ002532,预焙_高纯_阳极_氧化铝_深加工
SZ300815,垃圾_清洗_消毒_管理_市政
SH600497,冶炼_探矿_选矿_百家
SZ000999,榜单
TCOM,旅行_旅游_携程_服务公司_预订
SZ002489,家具_户外_休闲_用品
SH600114,粉末冶金_东睦新材料集团股份有限公司_房屋出租_工装
SH603588,固体废物_污染_防治_治理
SZ000955,非织造_材料
00902,热力_电力供应_电力_分支机构
SH600360,汽车电子_功率_半导体器件
SZ002556,农资_收购_加工
03309,希玛眼科_眼科_视力_辅助
SZ300119,兽用_兽药_重点_原料药
SH603026,碳酸_乙酯_丙烯_二甲酯_丙二醇
SZ002365,牛磺酸_环氧乙烷
SH603579,按摩_质量管理_研发
01558,药物_抗病毒_心血管_内分泌
SZ002832,制造_批发_服装_零售_日用
SH600986,营销_营销策划
SH603298,叉车_特种设备_搬运_搬运车_机器人
SH603609,饲料_加工_信息服务_屠宰
SZ002643,材料_质量管理
SH600984,金属结构_工程_原辅材料_机械设备
SH603106,设备_自助_密码_运营
SH688088,解决方案_视觉_智能_人工智能
SH603439,喷雾剂_胶囊_中成药_开喉_咽喉
SZ300639,诊断_检测_仪器_试剂_研发
SH600131,为云网_基础设施_运营
SZ300030,医疗器械
SZ000739,制剂_发明专利_原料药_管理体系
SZ002966,代理_公司业务_政府债券_外汇
02382,科学仪器_光学_舜宇光学科技_海外市场
SH600737,番茄_加工_设备
SZ002970,车载_监控_视频_租赁_终端
SH600848,咨询_资质
SZ000933,电解铝_煤炭
SH600373,出版物_音像_艺术品
SZ002945,资产管理_证券_咨询
SZ300552,车载_激光雷达_公路交通
SZ002056,铁氧体_软磁_永磁_光伏
SZ000028,医用_设备_药品_批发
SH601330,垃圾焚烧_技术顾问_运营_发电厂
SZ300008,船舶_海洋工程_设计_工程_监理
01288,代理_外汇_托管
SZ300160,玻璃_彩晶_深加工
01787,金矿_黄金_矿山_选冶_焦家
00493,电器_电子产品_门店
SZ300852,印制电路_电路板_研发_刚挠
SZ000581,系统_燃油_内燃机_汽车零部件
SZ000159,房地产开发_批发_油品_经营项目
SZ000525,中间体_农药
SH600756,电子政务_软件开发_系统集成_解决方案
SZ000037,技术咨询_万千瓦_发电厂_供热_供电
00788,站址_业务部门_维护_塔类
SZ300395,石英_材料_纤维材料_石英玻璃
SZ002979,驱动器_控制器_运动_电机
SZ002314,房屋_活动房屋_租赁_集成
NKLA,成长型_组合
SZ000088,港口_配套_货物_仓储
SH603129,摩托车_配件_地形_游艇_汽车配件
01833,健康_医疗_家庭医生_互联网医疗
09922,餐厅_运营者_九毛九_酸菜鱼
FUTU,富途_数字化_金融科技
SZ002515,火腿_肉制品_货运_罐头
SZ002398,技术推广
01477,眼科_药物_组合_弗若
SZ002459,太阳能_光伏_电池_电池组_组件
SH688508,电源_集成电路_研发_管理_芯片
SH600549,稀土_材料_稀土金属_钨钼_丝材
SZ002043,木制品_装饰_室内装饰_原木
SH688336,抗体_研发_药物_三生国健_股份有限公司
SPG,房地产_拥有_折扣店_物业_西蒙地产集团有限公司
SH601077,银行业务_政府债券_代理
03606,汽车玻璃_浮法玻璃_玻璃_安全玻璃
SZ002982,禽类_屠宰_加工_生物肥
SZ300831,晶闸管_整流_相逆_电力_并联
SH600552,玻璃_电熔_导电_氧化锆_模组
SH600482,动力_系统集成_制造_研发
SQ,卖家_开始运行_销售点
TIGR,中国投资_交易平台
SZ002537,配件_电机_制造_外包
09999,游戏_用户
SH600479,中成药_胶囊剂_颗粒剂_中药_药品
SZ300260,洁净_真空_经营项目_母材_应用材料
02007,房地产开发_碧桂园_物业_物业管理
SZ002983,光电_设计_系统_光源_模组
SZ002668,冰箱_金融科技_冰柜_销售业务
01339,人保_经纪_国务院扶贫办
SZ002736,证券_资产管理_证券投资_投资基金
SZ002277,百货_酒店业_娱乐业
SH600527,毛条_涤纶_短纤维
SH603596,制动_系统_研发_零部件
SH603678,咨询服务_化学品_易制毒_检测_粉料
SH603960,柔性_机器人_工业自动化_设备
SH600797,开发_外包_工程_计算机_浙大网新科技股份有限公司
SH600532,化学品_管理_备品_易制毒_塑制品
SZ002517,运营_分发_进出口
SH600873,氨基酸_二钠_饲料_味精
SZ000630,加工_采选_阴极铜_铜箔
SZ300816,尾气_发动机_后处理
SZ000736,城市群_房地产开发_销售业务_咨询服务
SZ300331,微纳_光学_激光
SH601997,金融业务_代理_外汇_政府债券
SH601789,工程_经营项目_机械设备_建筑
SZ002283,曲轴_发动机_机械配件
SZ002059,旅游_世博园_园艺产品_开发_园林
SZ002205,钢筒_混凝土_咨询服务_管件_输水管
SZ300792,电子商务_线上_全网
SZ002305,开发_物业_引导_商业地产_综合性
SZ300073,锂电_材料_正极_粉体_多元
SH688029,内镜_器械_消融_微波_诊疗
SH600855,经营项目_法规_国务院
SH600054,旅游_索道_全国_荣获
SZ002726,生猪_肉制品_屠宰_加工_猪肉
SZ300627,设备_卫星导航_系统_北斗_高精度
SZ002670,证券_金融科技_投资管理
SH601229,金融业务_代理_政府债券
SZ300394,器件_陶瓷_制造_光通信
SH600577,电磁线_特种_导体_铜线_制造
SH600120,工程_金融业务
SZ300793,电声_研发_电子产品
SH600160,化工原料_化工_致冷_含氟_聚合物
SZ300398,材料_中试_固化_紫外
SZ300094,水产品_速冻_养殖_种苗
SH600100,设备_工程_机电设备_智能化
SH600776,通信_自助_设备
SZ002493,涤纶_危险品_易制毒
VXRT,疫苗_口服_片剂_病毒_抗病毒
SZ002614,器具_前置_矫形器_健身器材
SZ002906,资产管理_南方基金_基金_亿元_规模_精密_压铸_汽车_汽车电子_车载
SH603228,印制电路_线路板_电路板
SH603611,设备_搬运_租赁_自动化_智能
SZ300134,射频_配件_结构件_器件_移动
SZ002407,新能源汽车_氟化_印刷品_锂离子
KO,饮料_芬达_前五_健怡_碳酸饮料
SH600635,大众_燃气_城市交通_创投
SH600622,资产管理_房地产开发_不动产投资_企业管理
SZ002399,肝素钠_原料药
SH601137,合金材料_研发_太阳能_组件_加工
SZ002029,针纺_七匹狼_男装
01772,氢氧化锂_氟化锂_丁基锂_研发
00317,制造_船舶_集装箱_船舶制造
SH600864,热力_电力_供应
SZ002768,塑料制品_塑料_研发
SH601827,垃圾焚烧_发电_运营
SH688060,研发_信息安全_工业
SZ300368,自助_机械
SH600754,餐饮_食品_技术培训_会务_票务
SH600390,材料_直投_期货
SZ300132,松节油_樟脑_冰片_二甲苯_深加工
SZ002657,数据中心_系统集成_解决方案
SZ300579,电子_信息安全
SZ300747,激光器_光纤_切割_维修服务_激光
SZ002467,通信服务_网络广告_增值_语音
SZ200625,汽车_制造_开发
SZ000717,金属制品_煤化工_焦炭
SZ000576,军工_电源
00998,代理
SZ300687,解决方案_制造_零售
SH603214,母婴_化学品_用品_孕前_直营
FSLY,边缘_开发人员
00285,部件_模组_制造_电子产品_组装
SH603111,轨道交通_车辆_研发_装备_客室
03990,物业_美的置业_中国房地产_开展业务
SZ000566,成药_原料药_中药材_经营项目
SH600501,系统_配件_专用汽车_动中通
SZ002706,断路器_研发_接触器_电器产品
SH601198,资产管理_融资融券_证券_另类投资
SH603608,女鞋_外商投资_经营范围
SH603927,解决方案_计算机软件_系统集成
SH600239,房地产开发_土地开发_投资_租赁
00914,水泥_熟料_水泥制品
UAL,美国_航空_纽瓦克_大陆航空公司
SH603712,无线通信_制造_设备
SZ002117,印刷_覆合类
SZ300133,运营_制作_内容
SZ000712,中山证券_东莞证券_证券_分公司
SZ002664,电机_转子_研发_无人机_制造
SH601375,证券_资产管理_代销
SZ002334,工业自动化_控制器_变频器
SZ000567,不良资产_收购_事务管理_重组
SPR,空中巴士_波音_制造商_航空_最大
SZ002243,塑料包装_化妆品_包装_模具设计_解决方案
SH688299,基膜_背板_研发_反射_出口配额
SZ002139,智能_控制_控制器_高效
SH603336,果蔬_收购_预冷_采后_冷链
SH603108,体外_诊断_软件开发_技术支持
SZ300487,吸附_分离_树脂_研发
00857,天然气_原油_石油_化工产品
SZ002155,金锭_黄金_开采_有色金属_勘探
SZ300120,水果_香水梨_红富士_红葡萄_上海市_核发_咨询_软件工具_提供数据
SH600581,轧制_冶炼
CAN,芯片_嘉楠科技_量产_研发
SH603890,模组_结构件_模具_精密
SH688108,支架_冠脉_导管
SZ300702,中间体_沙坦_原料药_联苯_药物
03908,普通股票_政府债券_资产管理
SZ002158,汇添富_资产管理_基金_投资管理_螺杆式_压缩机_售后服务
SH688599,光伏_太阳能_系统_电站设备
SZ300188,信息安全_取证_数据_电子
SH603360,噻唑_杀菌剂_酮类_研发_复配
SZ002497,氢氧化锂_民爆_爆破_工业
SZ300324,嵌入式_开发
03818,服装_鞋类
SZ002268,安全_信息安全_研制_集成
SZ000959,压延_钢铁行业_加工_冶炼
SZ300400,专用设备_设备_电子_经营项目
SH600259,有色金属_采选_冶炼_稀土金属_稀土
SH600059,黄酒_食用酒精_白酒_制造_玻璃制品
SH603496,著作权_解决方案
01585,电动_两轮_配件_雅迪_车及
TME,音乐_娱乐_腾讯音乐_用户_社交
SH603260,甲基_硅氧烷_工业硅_氯硅烷_二甲基
SH600062,工业自动化_管理软件_机器人_智能装备_研发_注射剂_胶囊剂_药品
00874,批发_制造_原料药_零售_化学
SZ000413,玻璃_基板_元器件_零配件
SH600126,压延_钢铁_结构钢
SH600216,化学品_添加剂
SH600132,啤酒_包装物
06055,中国烟草_中烟_总公司_烟草_烟草专卖
03396,部门_经营项目_消费与服务_投资
SZ000778,管件_球墨铸铁_新兴_压延_离心
SH603197,汽车配件_研发
IBIO,专有
SZ300457,设备_自动化_电池_研发
SHOP,销售渠道_店面_设计_商店
SH688266,新药_杰克_多纳_疾病_非尼
TWTR,推文_政府官员_非常简单
SH603030,家装_家具_施工_建筑装饰_软装
SH601515,烟标_印刷_包装印刷_包装材料
SH600312,开关_开关设备_设备_高压
SZ002212,软件服务_电力电缆_计算机
SH600550,输变电_设备_变压器_制造
SZ000156,电视_互联网_网络_信息服务
SZ300365,信息服务_能源互联网
SZ300568,锂离子_隔膜_电池_经营项目_新能源汽车
SH688077,钕铁硼_永磁_烧结_经营项目_大地熊
SZ000795,电机_稀土永磁_智能装备_消防
SH688580,医疗器械_康复_电子产品
SZ300735,配件_网络通讯_汽车电子_电子制造_电子产品
SZ300596,中间体_抗老化_助剂_精细化工
SH688139,生物_技术开发_研发_医疗器械
00268,企业管理_软件
SH603083,模式_网络设备_终端_计算机
SZ300328,精密_模具_研发_合金_涂料
SH603180,厨柜_整体_售后
SH603185,机床_数控机床_通用_设备_各类
SZ300063,油墨_天龙_水性油墨_化工
SZ002641,塑料管道_塑料_塑料制品_专利_管件
SZ002279,获评_软件_信息服务_管理软件_中国软件
02269,制剂_药物_冷冻干燥_注射用
BAC,控股公司_美国银行公司_机构投资者_资产管理
01060,娱乐_影视娱乐_内容_制作
SZ002111,设备_技术咨询_航空器
SH603700,水表_流量仪表_系统_进出口_货物
SH600572,新药_药品_批件_中药
SZ300397,电子_电子信息
SH600285,膏剂_橡胶
QD,金融机构_场景_营销_连接_美国纽约证券交易所
SZ300068,储能_电池_电源_后备
SH600733,进出口_零部件_研发
00939,代理_政府债券
SH600816,信托_同业_财产
SZ002531,风塔_设备
SH603880,医用_防护用品_口罩
SZ002503,着装_供应链_潮流
SZ000967,风机_技术开发_工程
SZ300177,制造_批发_空间信息_仪器_研发
NCLH,邮轮_百慕达
SZ300572,机动车_系统_检测_联网
SZ000886,房地产开发_高等级公路_养护
SH600490,阴极铜_冶炼_采选
01773,民办教育_早教
SZ002796,精密_研发_轿厢_结构件_箱体
SZ002773,胶囊_研发_医疗器械_阿立_药品
SZ000915,医药产业_二氧化氯_设备
SZ300248,解决方案_校园_应用服务
SH601880,仓储_港口_物流_码头
SH603229,原料药_中间体_医药_研发
SZ000713,团队_研发_专用肥
SH600664,医药
SH603707,药品_肝素_研发_制剂
SZ000883,能源投资_管理_开发_国家政策_湖北能源集团股份有限公司
SZ300352,玻璃制品_玻璃_玻璃工艺_真空_信息安全_信息服务_密码
SH601699,煤炭_勘查_煤焦_洗选_洁净煤
SZ200596,白酒_包装材料_农副产品
SZ300769,碳纳米管_经营项目_纳米粉体_纳米材料
SH688198,补片_瓣膜_医疗器械_生物
SZ000004,移动互联网_生物技术_安全_游戏_运营
01088,煤炭_铁路_电力_经营项目
SZ300429,光刻胶_申请专利_化学品_专用_发明专利
SZ300680,进出口
SZ000559,汽车_零部件_系统_汽车零部件_传动系统
SZ002039,经营管理_法规
SZ002033,索道_酒店_丽江_丽江地区
SZ002648,丙烯酸_丙烯_化学品_丙烯酸甲酯
SH603806,封装_胶膜_材料_光伏_背板
SZ300521,制版机_打印_机械配件_柔印
SH600500,橡胶制品_代理业务_仓储_化工_精细化工
SZ300366,电信_证书_网络系统
SH601298,港口_装卸_维修
SH603777,休闲_食品_通信设备_代理
SZ300762,宽带_移动_通信设备_通信系统
SH603887,基坑_围护_专利_工程
01612,永胜医疗_医疗器械
SZ002810,纤维素_丙烯酰胺_离子型
SZ002571,注册资本_资产管理_中国证监会_基金_安徽省_日用玻璃_玻璃器皿_日用
SZ300672,集成电路_设计_研发_大规模
SZ002884,离心泵_民用_设计_进出口
SZ000031,房地产开发_物业_住宅_商用
SH688488,人源_蛋白_研发_创新性
QFIN,金融_合作伙伴_用户_科技_连接
SZ000551,绝缘子_各类_输变电_洁净
SZ300232,显示屏_照明灯_节能_灯饰
SZ300642,科研_诊断_试剂_医疗器械
SH600795,热力_电力_小时_亿千瓦时
SZ000887,特种橡胶_密封件_航空航天_铁道_工程机械
SY,社交_内容_可靠_用户_医学美容
SH688158,计算_可信赖_服务平台
SZ002642,计算机_进出口_系统集成_技术开发
SH603136,景区_旅游_管理
SZ002324,材料_认定_上海市_华东理工大学
SZ300825,汽车_设计_整车_试制_新能源汽车
SZ000676,互联网_信息服务_电信业务_广告_软件
SZ002391,农药_原药_化学农药
SH688366,医用_材料_制备_基因工程
SZ300664,设备_环保_处理
SH603587,服装服饰_软硬件_文具用品_日用百货_鞋帽
SZ300776,激光_设备_武汉市_入选者_计划
SZ002153,酒店_信息管理系统_开发
SH603308,零部件_专用设备_核电_高端_矿山机械
SH601118,天然橡胶_种植_加工_仓储
SZ002134,电路板_印刷_管理体系
SZ002440,染料_化学品_危险_易制毒_万吨
SH688321,亟需_实体_药物_分子_技术转让
SZ300590,商标_申请注册_计算机软件_报告期
SH688268,气体_工业气体_特种_设备
SZ002745,封装_研发_应用
SH603515,照明_照明灯_光源_研发
SH600273,脂肪醇_化工产品_烟气
SH600299,添加剂_营养_类产品
SZ002798,卫浴_家居装饰_卫生洁具_洁具
SZ300709,零部件_制造_智能手机_平板
SZ000012,玻璃_光伏_建筑材料_工程_高科技产品
SH603808,服饰_咨询_设计_品牌女装
SZ300046,功率_半导体_大功率_整流管_电力
SZ002195,互联网_信息服务_金融科技
SZ002584,化学品_化学试剂_医疗器械
SZ000014,房地产开发_另报_供销业_专控_专卖
SZ002326,化学品_农药_易制毒_危险
SZ002717,旅游_策划_水利水电_工程_园林工程
SH688138,掩膜_销售业务_国内
00699,租车_二手车_租赁_短租
SH600023,电力_电力公司_天然气_技术咨询
SZ300835,铁氧体_永磁_高性能
SZ000839,电信业务_增值_房地产开发_有线电视
SZ000875,火电_万千瓦_发电
SH603859,设备_电控_技术开发
SZ300761,黄羽_雪山_肉鸡
SH600764,电子_应用_通信设备
SH600732,电池_太阳能_房地产开发_单晶
SH605166,切片_尼龙_研发
SZ002276,基金_份额_公开发售_证券投资_资产管理
SH600695,投资管理_资产管理_咨询_不动产
SH688333,增材_打印_研发_设备_金属
SZ000758,承包_工程_有色金属_国际_承包工程
SH600129,加工_包装_保健用品_桐君阁
SZ000810,研发
SH603590,冻干粉_特药_注射用
SZ000703,涤纶_及本_进出口_科研所_机电产品
QCOM,解决方案_无线_芯片组_技术领先
00345,豆奶_果汁_饮料
SH603867,双氧水_香精_香料
SMI,晶圆_代工_集成电路_掩模
SH603056,快递_快运_咨询_货物运输
SZ000550,汽车_零部件_福特
SZ300257,压缩机_真空泵_鼓风机_螺杆_空气压缩机
SH601908,进出口_设备_多晶硅
SH600791,房地产开发_京能_投资顾问_京能置业股份有限公司_海语
SH603566,疫苗_兽药_化学药品_动物_兽用
SH600637,设计_视频_机电工程_广播
SH600961,允许_硫酸_法律法规
01066,设备_骨科
SZ002733,电池_零部件_锂离子_燃料电池_控式
SZ300724,设备_刻蚀_太阳能_电池
SZ300768,信息安全_应用_网络安全
SH603696,调味品_国境_口岸_批发
SZ300701,传感器_热释_红外_光电
SH600502,工程_工程施工_房地产开发_建筑_水利水电
SZ002505,饲料_畜禽_乳制品_加工
SZ002063,软件_财务_电力行业_计算机_远光
01789,植入物_置换_髋关节_膝关节_骨科
02357,航空_制造_零部件
SH600694,百货_进出口_零售
SH603133,散热_石墨_导热_材料_超薄
SZ300657,印制电路_挠性_制造_设计
SZ002234,肉鸡_有机肥_沼气
SZ300559,考试_教育_考点
SH600784,铁粉_粉末冶金_盐业_高科技
SH603825,互联网_广告_代理
SZ300849,包装容器_化妆品_工商行政管理局
SNAP,照片_用户_相机_快照_图像
SZ002419,连锁_零售_天虹
SH600556,新媒体_营销_咨询服务_广告主
SH600359,种子_棉浆_乳制品_加工
00520,呷哺呷哺_餐饮_休闲_餐厅_餐饮店
SH601808,油田_油气井_泥浆_固井
SH603039,协同_管理软件
SZ300851,关键设备_列车运行_控制系统_技术支持
SZ000591,太阳能_光伏_经营管理
SH603728,驱动_电机_智能照明_代理
SH601128,代理_存款_外汇
SZ300684,电磁兼容_解决方案_电子设备_可靠性
01233,物业_租赁_物业管理
SZ000881,加速器_进出口
SZ002450,研发_涂膜_高分子_材料
SH603218,铸件_重工_研发_装备
03988,外汇_代理_发行
SZ002184,工业自动化_电气_板块_工业
SZ002560,导线_钢芯_电缆_铝绞线_电线电缆
SZ002182,资产管理_融资融券_证券_另类投资_专利_镁合金_压延
SZ300016,对比_药品_注射剂_喷酸
SZ300256,视窗_盖板_触控_防护_触摸屏
SPCE,载人_航天_航天事业_广大观众
SH603363,饲料_畜禽_养殖_板块
SZ000931,生物医药_华素_房地产开发
SH600548,经营管理_道路_收费公路_投资
SH600093,供应链_保理_管理
SH688002,机芯_红外_成像_集成电路
SH688589,芯片_通信_模块_设计
SZ300671,数模_集成电路_研发_封装_管理
SH600167,供热_节能环保_物业管理_供水_租赁
SZ300369,安全_信息安全_发明专利_软硬件
SH600903,燃气_工程设计
SZ000061,徐州_电力科技_内斯_无功_农产品_批发市场_另行_营业执照_经营和管理
SZ300578,通信服务_计算机_超高
JPM,金融服务_投资银行_银行
SH600565,房地产开发_专用车_制造_资质证书
SZ300551,金融设备_研发_自助
SZ300507,传感器_油位_汽车_内饰件_配件
SZ000027,能源_购销_租赁_燃气
SZ300161,数控系统_新能源汽车_伺服电机_机电
00386,零售_批发_天然气_石油
SH600802,水泥_熟料_骨干企业_国有
01928,澳门_渡轮_部门_文娱_度假村
SZ002941,承包_工程施工_壹级_公路工程_公路
SH603267,瓷介_电容器_多层_元器件_代理业务
SH600582,装备_工程_煤机_板块_节能环保
SH603212,胶膜_胶带_功能性_薄膜
GOOGL,互联网_谷歌公司_搜索_广告_基于
SH600662,出租_汽车修理_汽车_交电_五金机械
SZ300432,钢化玻璃_电加热_家电_玻璃_相框_研发_发动机_零部件_精密
SH601069,采选_黄金_矿石_经营项目_铁矿
SZ002426,精密_结构件_专利_模组_模具
SZ002653,注射用_原料药_用药_肠外_药制剂
SH688505,咨询_医疗_生物医药_开发
SH688123,集成电路_研发_技术支持
SZ002135,钢结构_设计_工作室
SZ300779,催化剂_资源化_炼油_助剂
SZ002792,天线_射频_通信_设备_器件
SZ300523,应急_公共安全_清华大学_软件服务
SZ300209,远程管理_信息服务_信息_软硬件
SZ002968,物业管理_物业_管理_保洁
LEGN,疗法_细胞_嵌合_肿瘤学
SZ300259,设备_技术开发_智能_灌溉
SZ000563,信托_财产_同业_投资基金
SH603630,啫喱_护肤_日用_研发
SZ300766,智能_开发者_数据_风控
SH601928,图书_出版物_音像制品_发行_出版
SZ300271,应用软件_系统
SH603688,石英_石英管_高纯_坩埚
SZ300044,人工智能_承包_系统_机器人
JKS,光伏_太阳能_涵盖_制造商
SH603008,床垫_家具_研发
SH600704,供应链_集成_省属_特大型
SZ000983,电力_煤炭_洗选
SZ002244,房地产开发_杭州滨江房产集团股份有限公司_室内外_房屋建筑
SZ300241,封装_器件_光源_模组_设计
SZ000610,旅行社_限定_分支机构_旅游
01776,证券投资_证券_财务顾问_投资基金_经纪
SZ003816,核电站_电力
SZ002103,招商基金管理有限公司_中国证监会_设立_号文_招商银行股份有限公司_批发_零售_文具_零配件
01398,代理_外汇_年金
SH688157,涂料_油墨_特种_胶粘剂_研发
SZ002107,沃华心_可舒片_口服液_中成药_胶囊
SZ000599,轮胎_机械装备_机械
SZ002470,肥料_控释
CMCM,猎豹移动_赋能_互联网_升级
SZ300087,农作物_种子_瓜菜_水稻
SZ300813,分析仪器_微生物_检测_设备
01579,颐海_火锅_底料_复合
SZ002947,器件_消费_电子_功能性_外盒
SH600729,零售_批发_百货_电器_商社
02696,单抗_候选_生物_单克隆_临床试验
01302,血管_制造_血管病
SH688418,通信系统_软交换_系统_设备_计算机
06160,靶向_癌症_肿瘤_药物_分子
SZ002164,控系统_制造_医用_自动门_传动
SZ002876,偏光片_研发
SH688039,视频_智能
SZ002240,稀土_中密度_林木_纤维板
SH600885,继电器_接触器_低压电器_机械设备_机电产品
SH600503,房地产_投资_现有
02168,物业管理_顾问_前及_社区
SH600191,原糖_甜菜
GDS,数据中心_服务提供商_托管
SZ300775,锻件_模锻_液压机_结构件_航空
06881,证券_经纪_投资管理
SH688122,超导_材料_钛合金_低温
SZ002452,开关_高压_高新技术_隔离
EDU,新东方教育科技集团_教育_系统_培训_短期培训
LMT,国防_洛克希德马丁公司_信息服务
SZ002083,床上用品_纺织品_针织品
SZ002376,解决方案_收款机
SH603399,金属_炉料_销售业务_化工
SH603919,金徽_白酒_陇南_徽县
SZ002973,垃圾_工程施工_环卫_收集
GOOG,互联网_谷歌公司_搜索_广告_基于
SZ002045,批发_制造_电池_音响系统_零售
SZ000025,租赁_汽车_物业_维修
SZ002695,快捷_食品_肉制品_佐餐_凉菜
03692,抗肿瘤_抗感染_治疗_中枢神经
SH603328,线路板_印刷_高密度_高精度
SH603516,类产品_进出口_控系统_电子产品_设备
SH603035,内饰件_供应商_乘用车_汽车饰件_仪表板
SZ002547,结构件_精密_铝合金_轻金属
03933,制剂_原料药_中间体_抗生素
SZ002596,园林绿化_混凝土_水泥
GOLD,巴里_运营_金矿_矿山
02163,构件_制造_装配式建筑
SZ300417,设备_环保_监测_检测
SZ000901,航天_信息服务_汽车电子_配套
SH600803,洗选_甲醇_清洁能源_技术创新_贸易
YY,视频_人工智能_社交_虎牙直播
SZ300020,智慧城市_医疗
SZ002320,运输_海口_轮渡_港口_航线
SZ000429,高速公路_收费_养护_桥梁_管理
SZ300096,系统集成_硬件_软件_智能卡
SZ002327,设计_床上用品_家居用品_厨房设备
SH600563,电容器_薄膜_金属化_镀膜_研发
SH603612,预焙_阳极_化学品_研发
SH600571,技术开发_软件_成果
SZ300682,运营_信息技术
SZ300203,工程_环境监测_仪器仪表
SH600506,香梨_库尔勒_果业
SH600060,数字电视_电视机_中国电子_设备_电视
SOHU,搜狐_游戏_媒体_中文
SZ002518,逆变器_充电_直流_蓄电池_光伏
SH603583,驱动_医疗_线性_系统_设备
SZ000989,九芝堂_中药_心脑血管_药品
SH688118,解决方案_软件
SZ002235,零售_商务信息_营销
03800,光伏_硅片_电站_多晶硅_制造
SH688196,生物柴油_深加工
SH601456,证券_资产管理_经纪
09926,开发_研发_抗体_一体化
SZ002430,设备_工业气体_分离_详见_空气
SH601975,运输_船舶_原油_化工品_外贸
SH600011,热力_电力供应_电力_分支机构
SZ002725,铝合金_涂装_电镀_配件_车轮
SZ300353,人参_种植_德成_经营项目_网络产品_专利_商标_以太网交换机
SZ000759,商业_法律法规_进出口_零售
SZ002818,装饰_建材_家居_租赁
SZ000970,钕铁硼_稀土永磁_材料_应用
SZ300577,包袋_电脑_箱包_研发_类产品
SZ300729,人体工学_研发_支架
SZ300726,电容器_模块_微波
SZ300190,环保工程_承包_施工_设计
SH600901,融资租赁_租赁_借款_业务转让
DOYU,斗鱼_直播_分享_网站_弹幕
01099,分销_医药
SH601577,代理_金融业务_位列
SH601599,防静电_服装_制作_电视节目_摄影
SH601598,物流_货运_代理
SH601018,港口_货物_装卸_代理
SZ000635,烧碱_延伸
SH603898,家具_衣柜_室内装饰
SH603486,机器人_小家电_清洁_零部件
SZ000505,古船_古币_小王子_影响力
SH600517,运维_低碳
SZ002749,调节剂_保鲜剂_农药_园林绿化
SZ000913,零配件_摩托车_自行车_助动车
SZ002447,移动游戏_交电_计算机领域
SH600107,服装_纺织品_服饰_酒店业_研发
SZ002328,零部件_汽车零部件_加工_冲压_电动工具
SH603506,物业管理_咨询服务_零售
SZ000930,添加剂_饲料
SZ002833,板式家具_自动化_数控_机械设备
SZ300170,信息系统_软件_网络产品
SH600618,烧碱_聚氯乙烯_化学品_化工原料
SZ000560,业态_房地产
SH600141,磷矿石_食品级_黑磷
SZ000402,房地产开发_进出口_物业管理
SH600755,港口_港口物流
00119,物业_营运_酒店
SZ300632,制造_设备_封装_照明_核心
SZ300242,营销_移动互联网_广告_制作
SZ300199,注射用_注射液_多肽_类产品_加压素
01515,医院_咨询服务_医疗_健宫
TNXP,中枢神经_疼痛_研发_紊乱
SZ002777,开展_医疗_智慧城市
SZ300616,零售_家居_设计_全屋
SZ002251,批发_百货_超市_家电
SZ000572,投资_汽车_证券投资_危险品_汽车产业
SZ000039,集装箱_制造_设备
SZ002935,频率_时间_信号
SH601968,金属包装_包装材料_材质_饮料_包装
SH600633,文化产业_新媒体
SH600070,互联网_单位_针纺织品_理事单位_无缝钢管
SZ002772,金针菇_食用菌_双孢菇_绿色食品
SZ300445,矿物油_再生_基础油_贮存_机油_校准_校验仪_压力_温度_检定
SH600525,材料_电动汽车_智能电网_功能
SZ002897,连接器_接插件_研发
SH603058,烟标_印刷_包装印刷
SH603353,成品油_批发_零售_柴油
SZ300753,医疗器械_鼻腔_护理
SH601965,汽车_零部件
RCL,邮轮_船舶
SH601666,煤炭_煤炭开采_洗选_凭证
BRK.B,伯克希尔哈撒韦公司_再保险_配电
SZ300078,授予_解决方案_联网_应用_组委会
SZ300604,集成电路_测试_设备_光机电_半导体
SH601222,智能_解决方案_光伏_分布式_储能
SH688288,智能网_设备_通讯设备_商用车
SZ300788,出版_图书_有效期_阅读
SZ300026,盐酸_药品_注射剂_原料药_注射液
SZ300592,艺术设计_模型_创意
SH600260,通信_光缆_光纤_塑料
SZ300334,组件_滤膜_及膜
SH688500,应用_电信业务
SH600562,微波_雷达_工程技术_设备
SZ002981,电声_耳机_研发
DAO,教育领域_科技公司_网易有道
SZ000721,食品_餐饮_加工
SZ000601,电力_纸浆_装机
SH688037,设备_半导体_涂胶_湿法_单晶
SH603888,信息服务_互联网_电信业务
SZ002177,安全_制造_批发
SH603351,辅料_润滑_基础油_药用_合成
SH600015,金融债券_代理_政府债券_存款
SH600742,汽车零部件_制造_汽车
SZ300034,合金_铸件
00288,肉制品_猪肉_生鲜_生猪
SZ002637,活性剂_液相色谱仪_表面_联用_技术开发
SZ300470,密封_机械_制造_并为
SZ002713,家装_设计_特许
SH600155,证券_外包_华创
SZ300755,酒类_华致酒行_终端_黄酒_葡萄酒
SZ002961,期货经纪_瑞达期货_资产管理_股份有限公司_咨询
01777,物业_代理服务_酒店
TXN,半导体_设计者_电子产品_设计_制造
SZ300839,助剂_芳烃_润滑油_燃料油_橡胶
SZ002287,止痛_消痛贴_健康中国_软膏
SZ000046,经营项目_资产管理_泛海国际
SZ300856,香料_化学原料_研发_化学品
SZ002362,模式识别_软硬件_化学品
SH603559,工程_通信设备_施工
SH603416,工业自动化_人机界面_控制系统_控制器
HUYA,虎牙直播_直播_战队_欢聚时代_英雄联盟
SH603348,压铸件_铝合金_精密
SZ300081,移动信息_出版物_制作
VIPS,唯品会_特卖_折扣_网站_折扣价
SZ300765,咖啡因_茶碱_食品
LVGO,糖尿病_成员
SH601399,承包_工程_铸锻件_装备
SH600649,运营_房地产开发_地产_给排水
SZ300758,有机颜料_中间体_高性能_颜料_染料
02338,重型汽车_内燃机_零部件_车桥_汽车零部件
SZ300771,智能_设备_快件_寄存
SZ300751,研发_自动化_进出口
SH600557,中药_药品_化学
SH688089,中间体_胡萝卜素_藻油_研发
SH603283,自动化_设备_组装
02359,研发_新药_医疗器械
SZ300460,元器件_谐振器_各种规格_振荡器
SH600027,发电_装机容量_电力_万千瓦
SH600989,烯烃_类产品
GS,高盛集团_金融机构_附属公司_投资管理
MOGU,蘑菇街_时尚_美丽_蘑菇街有限责任公司_开曼群岛
SZ300706,镀膜_福建省_材料_射靶_研发
SH600998,药品_医疗器械_医药商业_食品_批发
SH603018,勘察_工程_设计
SH600300,豆奶粉_饮料_运输_乳品_糕点
01858,医疗器械_植入性_假体_骨科
SH603988,试验站_研发_电动机_发电机
01666,同仁堂科技_同仁堂_北京_中药
SZ002770,乳制品_乳业_生产线_奶牛_股份有限公司
SH688009,工程_集成_轨道交通_施工
SZ002881,终端_精密_移动_研发_技术开发
SZ002221,液化气_石油气_管理体系_液化
01766,动车组_城轨_零部件_修理_装备
00410,物业_持有_广场
SZ300662,人才_招聘_人力资源
02099,采矿
01638,物业_佳兆业_物业管理
SH603040,锻件_挺柱_精密_气门_液压
SZ300772,发电机组_风力_研发
SZ300227,激光_三维_成型_智能装备_模板
SH600064,市政_股权投资_开发_成片
SH601106,核岛_成套_设备_冶金_制造
SZ300848,研发_聚氨酯_聚酯_弹性体
SZ300686,器件_功能性_电子_实用新型_消费
SZ002105,自行车_车把_立管_康复_器材
01349,咨询_医疗_生物医药_开发
SZ000532,资产管理_投资_制造_电力_电子器件
SH600835,制造_电梯_机械制造_机电_开利
SH600350,股权投资_高速公路_基础设施_价值链_荣获
SH600435,控制_导航
SH603757,屏蔽泵_电泵_水泵_零件_民用
01521,全资附属公司_研究_开发
UBER,案例_电动_通勤_优步科技有限公司
SH600966,书写纸_胶印_包装纸_木浆_科技厅
02319,冰淇淋_蒙牛_乳制品_奶粉
01333,铝制品_挤压
SH603003,燃料油_调合_供应
SZ300226,信息服务_行业资讯_电信业务_现货交易
09990,游戏_中国移动_开发商
SZ300224,钕铁硼_永磁_高性能_新能源汽车_质量管理
SH600875,设备_发电设备_工程_成套设备
SZ002416,购销_供应链_零售
SH600051,均限_房地产开发_热电
SZ000070,光缆_光纤_通信设备
DVAX,免疫_乙型肝炎
SZ300101,卫星导航_北斗_应用_终端
SZ000996,物流_不得
SZ002003,辅料_钮扣_拉链_金属制品
SH600420,原料药_中间体_保健品_类药物
00941,有线_宽带
SZ300855,合金_精密合金_合金材料
09989,肝素钠_原料药
SZ000902,肥料_复合肥_洋丰_水溶
SZ002137,电子产品_互联网服务_照明灯
SZ300131,软硬件_电子_电子产品_元器件_智能
01896,娱乐_票务_电商
DADA,达达_京东_到家
SH688300,硅微粉_研发
SZ300075,电子政务_软件服务_进出口_资源管理
SZ000403,球蛋白_免疫_医用
SZ002130,热缩_材料_套管_设备_购销
SH601718,装具_职业装_鞋靴_纺织印染_管理
SH600601,系统集成_宽带接入
SZ002313,设备_联网_通信_解决方案
SH600052,影视文化_中介代理_装修装饰_建筑机械_浙江广厦股份有限公司
SH600830,批发_租赁_典当_零售
SZ002302,预拌_混凝土
SH603603,工程_进出口
SH688188,控制系统_高功率_切割_激光_机电产品
SZ300603,信息服务_电信业务_数据中心
SH600643,投资管理_进出口_实业
SZ300148,图书_移动互联网_策划_咨询服务
SH603598,广告_营销_代理_咨询
SH601003,副产品_烧结
SZ300265,线缆_光缆_电缆
SZ000417,百大_商厦_零售_合肥
SZ002312,外包_一铵_磷酸_磷酸氢钙
SH603766,发动机_摩托车_通用动力_汽车零部件
SZ002293,医用_口罩_化学品
BRK.A,伯克希尔哈撒韦公司_再保险_配电
SZ300722,火工品_底火_雷管_气象
SZ002263,塑料薄膜_材料_高新技术_拥有
SZ300185,锻件_球墨铸铁_管管_电渣
SH601869,光纤_光缆_线缆_预制_通信
SH600858,零售_食品_区域性
SZ000823,超声电子_仪器_液晶_线路板_超薄
SZ002662,汽车零部件_进出口_铝合金_零部件
SZ300422,治理_水污染_工程施工_废水_制浆
SH603109,零部件_发电机_电机_终端产品
SZ300406,试剂_诊断_半胱氨酸_试剂盒
06865,玻璃_光伏_镜子
SZ002757,板式家具_生产线_进出口_研发_柔性化
SZ000905,批发_化学品_装卸_物流
SZ300289,诊断_试剂_体外_医疗器械
SH603200,化学品_处理_解决方案
SH601828,家居装饰_商场_管理
SZ000036,房地产开发_华联控股股份有限公司
SZ300367,视频_监控_软件服务_软件
SZ300479,人工智能_身份_商用
SZ300130,电子支付_生物识别_数据服务
SZ002245,锂电池_圆柱型_钢板_芯片_动力
SH600596,有机硅_农药
SZ002186,全聚德_门店_餐饮
SZ002769,供应链_出具_咨询
SZ002738,勘查_地质_进出口
SZ000911,蔗渣_纸及_竹浆_工程
SZ300416,试验设备_环境_试验_可靠性_研发
WORK,应用程序_集成_第三方
00951,铅酸_动力电池_电池
SH600928,金融业务_外汇_代理_政府债券
SH600640,信息服务_运营_商旅_预订
SZ000792,钾肥_化学品_易制毒
SZ002002,储氢_稀土_包装材料_研发
SZ002411,用药_中间体_板块_吡啶_医药
SZ002510,冲压件_模具_汽车模具_制造
SH603158,热交换_汽车_系统_铝管
SZ002168,研发_新能源汽车_运营_无人驾驶
SZ000859,材料_木塑_工程塑料_拉伸_用膜
SZ000697,零部件_炼石_航空_合金_无人机
SH600981,供应链_仓储_食品_批发_租赁
SH600348,煤约_洗选_煤层气
SZ000598,自来水_污水处理_滤液_环保_水务
06049,物业_物业管理_中指
01728,业务部_汽车_润滑油
SH688021,蜂窝_陶瓷_载体_设备
SZ002861,线材_耳机_测试_数据线_通讯
SZ300287,解决方案_智能_工程_会议
SZ002361,聚酯树脂_危险品
SH603856,管件_管材_母料_塑料管道_聚乙烯
06886,证券_承销_资产管理
SH600256,天然气_煤化工_液化_煤炭_石油
SZ002280,中间件_杭州联络互动信息科技股份有限公司_股份有限公司_进出口_计算机
SH603755,调味料_食品_添加剂
SZ002034,运营_固体废弃物_投资管理_环境治理
SH603929,洁净室_工程_高科技_光电_系统集成
MU,闪存_前沿_美光科技公司_存储技术_嵌入式
02238,汽车_商贸_板块_研发
SZ000812,教育_医养_烟标
SZ300048,变频器_高压_进出口
03613,中药_保健品_批发_同仁堂
SH603123,商业_游艺
SZ000921,家用空调_海信_中央空调
SH603810,农药_中间体_研发_制剂
SZ300461,自动化_数控_设备_线圈
SH600995,供电_电网_水力发电_设计
SZ002443,钢管_焊管_钢塑_复合管_镀锌
SZ002341,净化_超净
SZ300229,软件_计算机
SZ300021,节水_滴灌_水利_贴片式_工程
SH600376,房地产开发_商品房_物业_咨询
00354,资讯科技_外包_解决方案
SH603368,医药_批发_零售业务_药械
SZ002639,制冰_设备_制冷_压力容器
06978,细胞免疫治疗_临床试验_生物医药_获准_免疫
SZ002297,复合材料_粉末冶金_材料_刹车
SZ300613,芯片_设计_集成电路_通讯设备_电子产品
SH603950,柴油发动机_零部件_进出口
SZ300159,机械_航空航天_农牧_飞行器_结构件
SZ300102,芯片_制造_砷化镓
SZ300719,航空_机载设备_设备_制造_研制
SZ300208,虚拟现实_电能_新能源开发
SH603610,研发_电动_配件_床垫
SZ300409,陶瓷_釉面_材料_无机
SH600528,施工_钢结构_隧道
SZ300147,农业土壤_自走式_技术开发_土传_中药饮片_口服液_中药_香雪
SZ300797,检测_仪器_金属材料_进出口
03759,临床_药物_开发_一体化_研究
SH600378,特种_技术咨询_气体
SZ300446,材料_磁记录_防伪_研发
SZ300393,背膜_太阳能_电池_双面
SH600317,港口_港口机械_堆存
SH688200,测试_半导体_自动化_系统
HTZ,设备租赁_赫兹_附属公司
SH600422,中西药_医药_原辅料
SZ000889,计算机网络_通信_技术开发_咨询服务_网络
SZ002530,热处理_设备_互联网
SZ300455,软件服务_进出口
00743,水泥_混凝土_硅酸盐_控股公司_亚洲水泥
SZ002004,乳膏_用药_农药_维胺
SZ002464,注册码_游戏_虚拟_物品_授权
SH603232,信息安全_以公钥_软件产品_基础设施
SZ300318,检测_医疗器械_分析仪器_仪器
SH603010,阻燃剂_有机磷_研发_著作权_发明专利
SZ002623,镀膜_光伏_玻璃_太阳能
XLNX,赛灵思公司_软件设计_可编程_集成电路_知识产权
SH600416,水泵_直流电机_牵引_电气
SH603113,添加剂_炭黑_山梨酸_山梨酸钾_白炭黑
SZ300715,防水材料_卷材_防水涂料_建筑
SZ002307,工程_承包_公路工程
SZ300571,制造_设备_通信设备_电子
SZ300426,制作_影视广告_电视剧
SZ000553,农药_有效期_化工产品
SZ002160,铝箔_空调器_各类_科研
SZ002375,工程_幕墙_建筑装饰_建筑_智能化
SZ300053,宇航_卫星_人工智能
SH600678,氧化钙_开采_非金属矿_加工
SH600166,冲压件_机械_模具
SZ002201,玻璃纤维_高性能_增强
JRJC,投顾_服务平台_证券
SH600226,兽药_策划_影视
SH603990,临床_数字化_信息系统_解决方案_管理信息系统
SH601608,铸锻件_成套_节能环保_设备
SZ000627,二甲醚_医药_原料药
SH603169,炼油_压力容器_装备_煤化工_核电
SZ002026,夹头_专利_锯片_电动工具
SZ002908,终端_社保卡
01137,多媒体_多媒体业务_剧集_电视节目_分销
SZ000613,住宿_三亚市_餐饮
SH600663,陆家嘴_陆家嘴金融贸易区_开发_用品_土地开发
SZ300820,电源_充电_功率
SZ300838,控制阀_阀门_系统化
SZ002967,检测_计量_研究
SZ300453,输液器_医疗器械_透析_血液_义鑫_联网_设备_工程_软硬件
SH600987,原辅材料_热电_印染
SH603912,机房_施工_工程_设计_系统
SZ002115,通信设备_广告_软件
SH688085,耗材_植入_医疗器械_专利_手术器械
01138,船舶_运输_租船
SH600343,流体_液力传动_设备_工程施工
SZ002827,爆破_工业_炸药_民爆
00135,天然气_液化_勘探_接收站
SH688007,激光_显示_组件_光源
SZ002145,钛白粉_硫酸亚铁_重整
SZ300541,解决方案_软件_基础设施_运维
SZ002161,解决方案_射频_系统_研发
SZ000059,丁二烯_液化_石油化工_化学肥料_二甲苯
SH603738,谐振器_晶体_器件_研发_组件
SZ000415,设备租赁_租赁_基础设施_电力设施
SH688086,光存储_蓝光_光盘_存储设备_研发
SZ002688,预混剂_饲料_添加剂_金霉素_土霉素
SZ002366,核电_装备_制造_核岛_成套设备
SZ002978,洗选_铁矿石的_铁精矿_开采
SZ002873,法规
SZ000078,胶囊_化学原料_复方_注射液
01922,服务供应商_物业管理
SZ002085,涂复_轮毂_制造_铝合金
SH600881,房地产开发_吉林_水泥
SZ002423,锻件_特殊钢_装备_石油_工业
SZ300117,幕墙_门窗_智能装备_光伏
SZ002014,包装材料_彩印_复合_印刷品
SZ002915,苯乙酮_甲基_二氯_哌嗪_苯甲
SZ300520,行业软件_解决方案_电信业务_互联网
SZ002813,车载_导航_汽车_导航系统_数码
SH688023,信息安全_安全_市场研究_网络
SZ300452,纤维素_辅料
02380,业务部_发电_及售_中国电力国际发展有限公司_售电
SH603239,密封条_汽车零部件_汽车_研发_设计
SH603297,光学_显微镜_组件_元件
SZ002383,北斗_卫星导航_高精度
SH688222,新药研发_药物_研发_转让
SZ000980,汽车整车_自主
SZ000690,资产管理_出资_中国证监会_基金_电力_流化床_新能源_锅炉_机组
SH688579,用电_智能_医保_政务
SH600388,设备_制造_环保_大气污染
LMND,保险_垂直整合_负担得起
SH600657,房地产开发_投资管理_物业管理_物业_企业管理
SH688278,生物技术_重组_干扰素_长效_进出口
SZ000708,钢铁_轧制_压延_加工_合金钢
SZ002378,硬质合金_冶炼_精矿_钨酸_钨材
VNET,网络空间_数据中心_中立_基础设施
01070,电视机_制造_电视
SZ300079,数字电视_设备_密码
BLDP,燃料电池_开发_分散式_巴拉德
SH603337,缝制_机械_研发_工业_缝纫机
SZ002732,乳制品_奶牛_牧场_生鲜
SH688598,复合材料_碳基
06098,物业管理_增值_服务公司_住宅
SH601158,给排水_城镇_咨询服务_工程设计_管理
SH603456,原料药_中间体_创新药_医药_药品监督管理局
SZ002807,票据承兑_存款_代理
SRNE,索伦托医疗公司_药物_治疗_抗体
SZ002369,终端_网络通讯_设备租赁_经营项目
SZ300492,建筑工程_设计_进出口_公共建筑_咨询服务
SH603600,研发_办公椅_座椅_配件
SH601958,有效期限_深加工
SH600110,铜箔_材料_电池_电线电缆
01816,核电站_电力
SZ300562,研发_医疗器械_健康电子
LX,金融科技_领先_乐信_互联网_理财
SH600540,五金交电_地膜_农作物
01995,物业管理_对非_增值
SZ000537,房地产开发_酒店及餐饮_商品房_租赁
SZ300439,诊断_研发_体外
SZ000502,物业管理_房地产开发_花园_咨询
SZ002062,工程_房地产开发_房屋建筑_公用
SZ002318,不锈钢_研究室_合金_不锈钢管_工业用
SZ002250,中间体_农药
SH600573,惠泉_啤酒_饮料
SH600589,互联网数据中心_材料_增塑剂_氨基_复合材料
SZ300787,适配器_适配_信号_电子_类产品
01513,注射用_原料药_试剂_诊断
SH603758,配件_发动机_气缸盖_机械配件_气缸
SH601139,燃气_液化_石油气_管道_天然气
00884,物业_物业管理_房地产开发_项目管理
SZ002831,管理体系_印刷品_不干胶_贴纸_包装
BPY,有限合伙_百慕大_豁免_修订_物业
SH603238,水刺_非织造_无纺布_材料
SZ002480,超级电容_桥梁_制造_工程_承包
SH600007,商务_公寓_出租_经营和管理
SZ002406,传动轴_工程机械_河南省_重卡
SH603118,终端_通讯设备_电视盒_板卡_电源
SH600820,隧道_长三角
SH603815,市政_公路_基础设施_施工_工程
SH603915,减速机_机械_零部件_进出口
SZ300396,智能家居_家居_控制系统_设计_室内外_分析仪_全自动_医疗器械_试纸
SH600877,锂离子_电源_电池_特种
SZ300853,配电_智能电网_设备_监测_智能机器人
00136,物业_配件
SZ002845,模组_液晶显示
SH600476,信息服务_租赁_终端设备_系统集成
SZ002888,音响_音响设备_电声_扬声器
SH601992,房地产开发_水泥
09983,物业_物业管理_服务提供商
SZ000969,材料_金属材料_进出口
SZ300268,三文鱼_加工_海产品_牛羊肉
01415,模组_相机_部件_光学
SZ000428,酒店_餐饮_住宿
SZ000609,中迪_进出口_化学品
SZ000541,电光源_研发
SH600152,电池_制造_储能_咨询服务
SZ002649,外包_软件_信息技术_信息服务
SH603105,光伏_太阳能_电池_研发
SH688365,电商_计算机_软硬件_电子商务
SH600761,车辆_配件_工业_租赁_制造
SZ001896,电力_火电_投资管理_电力环保_技术改造
SZ300703,批发_零售_五金产品_用品
SZ300857,智能_存储设备_研发_联网
SH603711,奶茶_兰芳园_果汁_牛乳_液体
PLUG,燃料电池_氢燃料电池_专注_科技公司
SH601199,供水_自来水_制售_排水
SH600395,煤炭_洗选_加工
SH603079,霉素_链球菌_乳酸_生物素_添加剂
SZ002886,复合材料_工程塑料_材料_高性能
SZ002329,乳制品_加工_研发
SH600831,信息服务_广播_电视节目_广播电视
SH600658,进出口_房地产
SZ000045,偏光片_经营管理_纺织服装_物业
SZ000026,飞亚达_手表_设计_名表
SH600313,农药_化肥_种子_技术转让
SH600363,线缆_光电
01919,投资管理_集装箱_码头_中远海运港口_船舶
SH603131,仪器仪表_成员_焊接
SZ000726,面料_纺织品_管理体系_衬衫_色织布
SH600203,电子_工程设计_显示器
SH600583,工程_承包_海洋石油工程_制造
SH600794,仓储_供应链金融_液体化工_码头_保税
SH600828,百货_零售_批发_茂业_超市
SZ002957,设备_自动化_零部件_精密_工业自动化
SH603896,灵芝_铁皮_石斛_寿仙谷_食用菌
SZ002397,梦洁_床上用品_信息服务_套件
SH600090,批发_药品_医疗器械_零售_保健食品
SH603626,精密_结构件_模具_金属_研发
SZ002589,药品_器械_批发_化学品
PTR,天然气_原油_石油_化工产品
SZ002618,柔性_基板_封装_聚酰亚胺_材料
SZ300471,车用_船用_加气_天然气_资质证书
01186,承包_房地产开发_勘察_工程_设计
SZ300484,控制器_工业自动化_变频器_伺服_驱动器
SZ000892,艺人_经纪_影视剧_制作_须经
01378,铝合金_母线_液态_加工
02666,医疗_设备融资_环球医疗_科室
SH603530,复合_绝缘_绝缘子_密封件_变电站
SZ300360,电能表_仪表_计量_设备_仪器仪表
SH600439,假发_发制品_饰品
SZ002189,光学_光敏电阻_光电_辅料
SZ002573,事业部_治理_环境污染_运营
SZ002936,零售银行业务_代理_银行业务_政府债券
SZ300659,信息安全_保密_密码
SH600668,水泥_化学品_医药_易制毒
SZ300575,农药_农化_噻虫胺_进出口_低毒
SZ002249,高新技术_电机_微特电机
SZ000868,客车_承载_底盘
02331,体育_鞋类_配件
SZ000155,光伏发电_发电_风力
SH600463,开发_建设_咨询_土地开发
SH688116,碳纳米管_纳米级_研发
SZ300634,信息服务_运营_邮件系统
SZ000757,柴油机_农用_汽车_机械
SZ300267,辅料_药用_食品_研发
SZ300528,电视剧_电影_经营项目_影城
02386,业务部_施工_工程
SZ002949,建筑设计_咨询_工程_承包_技术咨询
SH600833,批发_用房_药品_医药
SZ002316,通信_解决方案_信息_专网
SH600170,建筑_民用建筑_咨询服务_承包_混凝土
XNET,区块_下载_互联网_领先_用户
SZ002421,基金_智能化_建筑_应用服务_集成
00337,物业_物业管理
SH688377,专用_设备_零部件_油气
SH600778,超市_零售_零售业务_便利店
SH605288,线性_驱动_系统_研发_应用
SZ300114,应变_应变计_电测_电阻_传感器
ATHM,汽车_生态圈_汽车之家_赋能_个圈
SZ002746,种鸡_养殖_饲料_屠宰_加工
SZ002408,碳四_叔丁醇_深度加工_胶乳_丁基
SH601866,集装箱_船舶_租赁_集装箱运输_班轮
SZ002606,绝缘子_用瓷_复合_金具_研发
SH600777,天然气_勘探_石油_开采
SZ300049,药品_技术推广
HTBX,生物制品_治疗_细胞系
SH688358,超声_医学影像
SZ300086,医疗器械_防护用品_医用
SH600628,零售_百货_卤味
SH601567,电能表_配电_变压器_电能_计量
09979,代建_订约_中国房地产_建筑面积_研究院
SZ002446,智能_通信设备_汽车电子_室分
SH688309,裂解_研发_废弃物_装备
SINA,移动_新浪_用户_媒体_新浪公司
SZ300836,智能_制造_装备_智能装备_加工
02607,药品_原料药_保健品_医药_制造
SZ002632,材料_反光_防护_安全
SZ002125,二氧化锰_材料_电池_潭州
SZ002253,空管_虚拟现实_增强现实
SZ300376,数据中心_新能源汽车_电源_光伏_技术开发
SH601163,轮胎_帘线_危险品
SH600375,专用汽车_专用车_散装_混凝土泵
01755,物业管理_物业
SZ000811,设备_制冷_空调设备_制冰_经营项目
03993,基本金属_生产商_采选_深加工
SH688388,铜箔_锂电_锂离子_电解_高性能
02600,氧化铝_富时_铝矿
02255,主题公园_物业_运营_开发
SZ200429,高速公路_收费_养护_桥梁_管理
SH601208,酸酐_易燃_甲苯_绝缘材料_化学品
SH603203,装联_锡焊_研发_专用设备
SH600499,陶瓷_装备
SZ300151,模具_精密_制造_研发
SH600461,自来水_给排水_污水处理_水表
SZ001872,泊位_集装箱_港口_散杂货_货物
SZ002666,汽车_制动液_化学品_类产品
SH600478,动力电池_电池_混合
SH688516,智能装备_科技_民营
SZ300309,测井_石油_定向井_石油设备
00358,加工_冶炼_化工_贵金属_稀散
SH688026,制造_化学品_生物_耗材
SZ300215,电器_防爆_设备_电器元件_成套
SH600477,钢结构_工程_制作_设计
03662,运营_服务供应商_商业_物业管理
SH600865,百货_汽车配件_危险品
SZ000529,冷藏_教材_冷库
SH600125,集装箱_铁路_化学品_特种
00806,投资基金_投资管理_资产管理_小额贷款
SZ300095,制动器_工业_制动_控制系统_研发
SZ300019,工程_有机硅
00598,物流_货运_代理
SZ000582,港口_船舶_排名第_装卸
SZ000935,水泥_硅酸盐_骨料_特种水泥
SH600172,超硬_金刚石_复合材料_材料
SH600838,上海九百_洗涤_用品_洗染
SH688066,软件平台_应用_遥感_卫星
SH688600,仪器_检漏仪_监测仪器_分析仪器
SH603186,绝缘材料_铜板_热塑性_复合材料_蜂窝
RHI,罗伯特_创意
SZ300035,负极_电磁_锂电_专用设备_磁电
SH600175,房地产开发_开发_及准_股权投资_勘探
SZ002591,抗蚀_互联网_防磨_节能环保
SZ002190,数控_汽车零部件_模具设计_制造_零部件
SZ300548,电子器件_集成_光通信_元器件_器件
SH603393,煤层气_天然气_入户_开采_输配
DQ,多晶硅_太阳能_领先_厂商
SZ002121,系统_设备_储能_自动化_电动汽车
SH603327,铝制_电子产品_结构件_研发_材料
SH600366,稀土永磁_货物_制造_进出口
SH603012,配件_自动化_煤矿_煤机_矿山设备
SH600230,烧碱_尿素_经营项目
SH600594,胶囊_注射液
SZ000691,房地产开发_开发_永登县_海南亚太实业发展股份有限公司
SH600688,石油化工_合成纤维_炼油_商标_塑料
SZ002094,蜡烛_材料_化妆品_工艺品
SZ300696,零部件_军用飞机_客机_民用_精密
SZ002782,电感_开关电源_电源_变压器
SZ000718,房地产开发_投资_建材_进出口贸易_酒店管理
APT,股份有限公司_阿尔法科技_阿尔法
SZ300077,芯片_安全_信息安全_通讯_购销
01299,退休_储蓄_保险
SH600157,煤炭_综合能源_大宗商品_永泰能源股份有限公司
SH688051,联网_数据服务_北京市_智能_数据
SH603703,研发_电缆_通信_连接线
SH688020,制造_屏蔽_挠性_电磁_电子
SH603949,风扇_离合器_研发_发动机_塑料件
SH601799,车灯_汽车_九座_制造
TEDU,工程师_编程_达内时代科技集团_职业教育
SH603599,光气_农药_精细化工_中间体
SZ000815,用纸_软件服务_板纸
SH600740,焦炭_炭黑_沥青_化工产品
SZ300276,输送_系统_输送机_智能
SZ300570,器件_研发_光纤
SZ002303,包装_研发_重型
SZ002866,笔记本电脑_键盘_线路板_电子产品_零组件
00880,娱乐场_博彩_酒店_部门
SZ300448,联网_批发_消防设备
SH600158,体育_健身_陶瓷制品
SZ300204,苏肽_生长因子_药物_疾病
SH603505,萤石_精粉_矿产品
SZ300371,超声_热量表_测流_流量计_水表
SH600008,污水处理_水务
00751,制造_电视_物业_设计
SZ002093,电信_经营项目_通信设备_电信运营
SH688555,办公设备_软件开发
SH688005,正极_锂电池_材料_前驱_研发
SZ002536,汽车零部件_机械_制造
SZ300493,芯片_分销_通信设备_技术咨询
SZ000032,饲料_添加剂_饲料原料_生物_食品
SZ000756,原料药_国家火炬计划_制剂_高新技术
00116,珠宝_贵金属_制造_期货经纪
SZ300359,家庭教育_信息服务_家校
SZ300688,创业_咨询_技术培训_活动
SH603679,研发_照明_灯具
SZ002793,药品_医疗器械_第三类
SZ002819,仪器_测试_测量_经营项目_工业自动化
SZ300273,医用_设备_器具_资质证书_仪器设备
SZ002238,电视_数字电视_宽带接入
SZ300065,船舶_海洋_系统_航海_集成系统
SZ000620,房地产开发_酒店管理_开发_用房
SZ000885,高速公路_运营_固体废弃物_治理_林州
SH601611,核电_工程建设_工程_我国
SZ002645,再生资源_设备_液压_加工
HSBC,金融服务_中东_汇丰控股有限公司
SZ002288,铜箔_印制电路_铜板_认定_电子
SZ300145,离心泵_不锈钢_冲压_处理_供水
SZ000507,投资_股权投资_饮料_玻璃纤维
SZ002051,承包_工程_贸易_国际
SZ000948,密码_系统集成_南天信息
SH603595,线材_微细_新能源汽车_复合材料
SZ300690,复合材料_风电_农用_非金属
01330,垃圾焚烧_技术顾问_运营_发电厂
SZ200869,葡萄酒_白兰地_保健酒_露酒
SZ000898,加工_及钢
SZ000888,索道_游山_旅游_门票
SZ002526,网络游戏_煤机
00207,物业_物业管理_土地开发
SH600242,营销_数字化_教育_数据
SZ002955,智能_交互_进出口_研发
SZ000408,钾肥_化学品
SZ002880,球蛋白_免疫_冻干粉_血液制品_人血
HMI,华米科技_手环_小米_智能_用户
XOM,发电_原油_天然气
SH603528,机动车_系统_智能交通_检测_考试
SH601717,汽车零部件_机械装备_采掘
SH600470,磷酸_肥料_化学制品_磷复肥
SH600006,东风_商用车_轻型_皮卡_设计
SZ000544,生态_工程_集中供热_污泥_中水
SZ000531,电力_热力_广州恒运企业集团股份有限公司
SZ002909,化学品_制造_密封胶_危险
SH688030,网络安全_象限_魔力_防火墙
SZ002487,风电_制造_制造公司_塔筒_生产线
00728,信息服务_电信业务_接入
SZ002846,开盖_白瓷_金属包装_干粉
SH600822,化轻_机电设备_矿产品_金属材料
SH600620,租赁_出租车_物业_物业管理_运营
SH600933,压铸件_汽车_精密_铝合金_系统
SZ002486,面料_专利_授权_实用新型
SZ000616,商铺_物业管理_商品住宅_开发
SZ300441,压缩机_螺杆_整机_煤层气_核心部件
02100,业务部_虚拟世界
SH600970,水泥_工程_承包_装备
SH603477,皮革_畜禽_饲料_养殖
SZ300264,数字电视_系统_佳创
ISRG,达芬奇_微创_手术_外科医生_高清晰度
SZ300537,涂料_油墨_专用_感光_单项
SZ300545,设备_工业自动化_平板_工控_非标
SZ002091,中国证监会_基金_华泰柏瑞基金管理有限公司_华泰证券股份有限公司
SH600734,安防_智能_电子计算机_电源适配器_终端
SZ300554,金刚石_专利_砂轮_发明专利_电镀
SH600523,汽车零部件_摩托车_批零兼营
SZ002962,元器件_滤光片_薄膜_精密_光电
SZ300569,塔架_风力_风机_光伏发电_发电
SH600207,玻璃_天然气_光伏
SH600810,帘子布_切片_实用新型_发明专利
00144,港口_运营
01055,航空_邮运_港澳台地区
SZ002166,提取物_植物_添加剂_天然
SZ002878,票务_代理
SZ000828,融资租赁_高速公路_投资管理_管理
00883,油气_勘探_石油
SZ002322,监测_设备_研发_智能电网
SZ002853,家居_橱柜_木门_衣柜_定制
SH600255,特种_材料_铜基_电缆_带材
03320,分销_保健品_零售_医药
SZ002392,耐火材料_耐火_进出口_承包
02328,保险产品_保险
SZ002953,电缆_电线电缆_组件_证书
DOCU,电子签名_协议_华盛顿州
SZ000498,工程_工程施工_路桥_资质_公路
03618,银行业务_政府债券_代理
SH603225,长丝_涤纶_研发
SH600480,系统_塑料管道_给水管
02500,百万美元_由二零一_二零二_导管
SZ002611,瓦楞纸箱_东方精工_设备_包装_智能
SZ002176,电机_碳酸锂
SZ002780,户外_户外运动_赛事_运营
SZ002275,酊剂_三金_中成药_中药
SZ300388,污水处理_环境工程_运营_环保
SZ300374,木塑_装配式建筑_部品_材料
SH688258,固件_承包
SH600252,房地产开发_物流业_管理_商业贸易
SH603080,天然气_燃气_天燃气_管道
SH601005,型材_钢坯_线材
SH603871,多式_联运_代理
SH600811,供应链_案例_现代农业
SZ300799,证书_资质_信息安全
SZ002716,白银_冶炼_有价_回收_高纯
SZ300196,玻纤_复合材料
BNR,燃石医学_肿瘤_测序_试剂盒_检测
SZ002097,工程机械_液压_钻机_配件
JFU,保险经纪
SZ300217,加热器_电加热_电热_元件
SH600929,配方_化工产品
SH600308,造纸_化工产品_化工
SZ300181,乌灵_中药_胶囊
SZ300382,易拉盖_设备_研发_易拉罐
SH603323,代理_存款_私人银行业务_政府债券
SZ002266,水轮_发电机组_大中型_承包工程_机电设备
01753,互动式_运营_用户_效果
SZ300648,锂电池_检测_自动化_电芯
SZ300005,户外用品_睡袋_户外_帐篷_背包
ZTO,专线_中通快递_网络_快递_中转
SZ000821,机械_纸盒包装_汽车零部件_制造
SZ300302,存储_容灾_电信业务
00081,物业_投资_租赁
SH600890,针纺织品_调制解调器_房地产开发
00992,个人电脑_部门
SZ300806,涂层_复合材料_多功能_研发
SH603367,欣牌_咀嚼片_抗肿瘤_制剂_胶囊剂
SH600736,高新技术_房地产开发_基础设施_基础产业_咨询服务
SZ300675,咨询_绿色建筑_城市规划_低碳_公信
SZ002315,中国制造_电子商务_开发
SH600389,农药_亚磷酸_化学品_中间体
SZ000030,汽车零部件_系统_大众
SH600648,代理业务_物流_咨询_仓储
SZ002672,废物_环保_处理_沼气
SZ002424,用药_苗药_胶囊剂
SZ002896,减速器_电机_减速_零部件_行星
02606,万平方米_资产管理_股份有限公司
SZ002671,混凝土_钢筒_预应力_咨询服务
SZ002616,燃气_国家标准_燃气具
00753,航空_邮运_货运_客运
SH600985,洗选_爆破
06068,光正_实验学校_学校
SH600721,研发_药物_医药_医药行业
SH603669,化药_处方药_研发_制剂
00257,环保_部门_水务_能源
SH601333,铁路_运输服务_客货_广珠_城际
SH600707,彩管_显像管_彩色
09996,医疗器械_导管_临床试验_瓣膜
SZ002621,制造_咨询_早期教育_教育
SH603828,工程_幕墙_建筑装饰_建筑_设计
SZ000629,钛白粉_氯化_万吨_硫酸
SZ300531,移动_智能_解决方案_应用
06958,物业管理_物业
SH600397,煤炭_江西省_物资流通_煤炭采选
SZ300691,镜头_光学_光电_房出租_制造
SZ300338,培训_教育_仪器设备
SH688528,燃气表_智能_膜式_量程_管理软件
SZ300538,材料_研发_电子_化工
SZ002010,传化_物流_智能物流_化学品
SZ002284,制动_系统_主缸_汽车底盘_制动器
SH603848,晾衣架_零售_杂品_金属
SZ300231,基础设施_运维
SZ002270,分接_开关_有载_变压器
SZ000655,精粉_铁精粉_球团
SZ000788,制剂_注射剂_研发_化学药品
SZ002255,锅炉_余热_压力容器
SZ300252,直播_策划_娱乐_网络平台_连接器_组件_线缆_射频
SH600133,工程项目_建设_科技_烟气
SZ300504,网络_通信_终端设备_宽带_移动
SZ300411,成像仪_通风_风机_风阀_工程
SZ002579,印制电路_管理系统_高密度_研发_电路板
SZ000020,注塑件_加工_液晶_显示器
LUV,西南航空有限公司_休斯顿_圣安东尼奥_达拉斯
SZ300566,研发_光学_光学薄膜
00165,投资_管理_策略性
NOK,诺基亚_通信_诺基亚公司_通讯行业
SZ300222,智能化_系统_机器人_设备
SZ300810,声纳_软件服务_计算机
SZ000976,配件_铁路_机车车辆_运输设备_制动闸
SH601228,分支机构_仓储
SH600624,科技成果
FINV,科技_金融科技_人工智能
SH601098,图书_书展_出版物_印刷_教育
SH600850,工程设计_施工_技术咨询_系统集成
06818,代理_金融业务_银行业务_政府债券
SH603693,发电_运维_开发_新能源_生物质能
SZ300156,炉窑_密闭_节能环保_炉气
SZ000727,晶体_真空_平板显示器
TLRY,大麻_合法化_未来
SH600990,雷达_研发
PYPL,贝宝_支付_贝宝支付公司_帐户
M,梅西百货公司_个州_哥伦比亚特区_鞋帽
SZ300858,复配_食品_添加剂_益生菌
SZ002840,畜禽_肉制品_屠宰_加工_深加工
SH600210,瓶及_包装印刷_包装_瓶盖
SH601016,风电场_风力_发电_运营
WMT,超级市场_零售_俱乐部_沃尔玛公司_山姆
SZ300431,视频_互联网_版权
SZ300795,会展_策划
SH601116,农产品_医疗器械_通讯器材_货物
SH601677,铝板带_铝箔_板带_铝版基_板类
SZ300467,电信业务_网游_设备_增值
SZ002228,瓦楞纸箱_纸板
SZ300143,医疗_伽玛刀_咨询_服务公司
SZ002824,挤压_汽车零部件_消费品_研发
HTHT,酒店_华住酒店集团_华住_汉庭
SZ002699,动漫_衍生品_开发设计_游戏
SH603365,纺织品_枕芯_床上用品_床用
SZ000521,冰柜_冰箱_家电产品_空调
SH600551,图书_咨询服务_出版_印刷_出版传媒
SZ002561,零售_百货_针纺织品
SZ002622,开关_高低压_制造_永磁_成套设备
00579,电力_光伏发电_营运_发电
SZ002986,乙酸_化学品_丁酯_甲基_异辛烷
SH600968,油田_能源技术
SZ300533,网络游戏_运营_自主_技术开发_经营项目
SZ002057,金属制品_设备_器件_磁性材料
SZ300415,注塑机_压铸机_橡胶_制造_伺服
SZ000762,盐湖_铜矿_硼矿_开采_铬铁矿
SZ002809,外加剂_混凝土_一体_研发
AZN,处方药_医疗保健_生物制药_专门从事_全球性
SH603687,瓦楞纸箱_研发_纸板
SZ300198,管材_研发_新能源汽车_管道
SBUX,星巴克公司_咖啡_通过_商店
03319,物业管理_业主_增值
SH600876,玻璃_浮法玻璃_超薄_光电_信息
SH600123,煤炭_分支机构_化学品
02689,特种纸_木浆_卡纸
09923,支付_商业_第三方
SH600266,房地产开发_投资管理_北京城建投资发展股份有限公司
01478,模组_摄像头_指纹识别_像素_研发
SZ300589,船艇_公务
01800,基建_疏浚_设计
SZ300258,齿轮_精锻_精密_锻件_专利
SH688202,临床_研究_化学品_药学
SH600787,批发_货运_分支机构
SZ300292,连接_射频_光纤_无线通信_通信
ERIC,爱立信_解决方案_移动_网络_合资公司
00302,游戏_流水账_手游_日止
01565,外国语_幼稚园_学校_成都_大学
SH603936,电路板_印制电路_研发_高精密
01071,发电_装机容量_电力_万千瓦
SZ000561,电声_通信设备_器材_通信
SZ300191,进出口_采收率_技术咨询
SZ002088,耐火纤维_硅酸铝_粘结剂_保温材料
SZ002119,半导体_铜丝_引线_中国电子_封装
SZ300280,锻压设备_广告_现代_研发
SZ002951,烟标_包装印刷_镭射_研发
SH603585,农药_精细化工_阻燃剂_清原_原药
SZ002721,研发_贵金属_工艺品_质量上乘
SH601369,透平_压缩机_鼓风机_制造_承包
SZ002167,资产管理_南方基金_基金_亿元_规模
SH600808,钢铁_回收
SZ002948,代理_金融债券_银行业务
SH600897,旅客_航空_航空运输_候机楼
SZ300790,镜头_光学_安防_研发_产品设计
SZ300194,原料药_无菌_制剂
SZ000825,不锈钢_钢锭
SZ000062,电子_资源_电子信息
01157,机械_起重机械_环卫
JMIA,消费者_卖家
SZ300239,明胶_胶原蛋白
OSTK,家居装饰_床上用品_日该_零售业务
SZ300043,玩具_游戏_体育_进出口_自行车
00570,国药集团_药业_佛山_子公司
SH603181,活性剂_特种_表面_科技含量
SZ300047,信息服务_应用软件
SZ002588,复合肥_肥料_复混肥_掺混
SZ002099,中间体_颜料
SH600017,港区_港口_装卸_堆存
SZ000666,纺织机械_经营项目_高新技术_办公自动化_机电产品
SH688050,医疗器械_晶状体_技术开发_药品_配件
SH603706,燃气_昌吉市_天然气
SH688233,刻蚀_单晶硅_材料_半导体_集成电路
SZ300200,聚氨酯_胶粘剂_复合_北京市
SH688558,数控机床_智能_精密_机床
SH688069,蓝藻_水华_治理_湖库_藻水
SZ000797,承包_工程_开发_物业管理_电梯
01357,硬件_智能_销售业务
SZ002380,自动化_热工
SZ300489,机加工_高性能_铝合金_材料_核燃料
SH603968,中间体_添加剂_衍生物_乙酰
SZ002617,漆包线_新能源汽车_研发_太阳能
SZ000777,阀门_制造_设计_核工业
SH601311,电池_蓄电池_启停_铅酸
SH603701,车用_研发_机械_发电机
SH600894,电梯_仓储_零部件_整机_制造
SZ300310,通信_工程_代理服务
HST,酒店_豪斯特酒店公司_房地产投资信托基金_投资_马里兰州
SH603318,燃气_输配_团体会员
SH688518,激光_嵌入式应用_焊接机_焊接
SZ002060,工程_水利水电_承包_工程施工
SH600766,建筑装饰_矿业_小套_乳山市
SZ002822,建筑装饰_壹级_承包_工程_建筑
SH600963,双百_机制纸_造纸
SH603256,玻璃纤维_电子_薄型_厚度_高端
01502,物业管理_物业_股份有限公司
AIM,子公司_临床_基于_自然免疫
01658,银行业务_代理_本行
SH600898,移动_通讯_计算机
SZ000893,大豆_肥料_制造_钾肥
SZ002576,转子_铁心_冲片_研发
SH600088,影视_广告业务_拍摄_制作
SH603508,列控_系统_动车组_研发
SH603682,产业园_运营_创意_经营管理
SH600807,开发_矿业
SH603357,工程_咨询服务_勘察_风景园林
SZ002247,装饰_材料_研发_广告
SH600218,内燃机_研发_零配件_机械
SZ002527,电梯_变频器_机器人_控制系统
SZ300349,管理软件_及端_技术咨询_智能
SZ000836,光纤_光缆_光通信_石英_单模
SZ300356,电力工程_技术咨询_配电
00546,销售业务_淀粉
SZ000659,饮料_标签_热灌装_饮料瓶_纸杯
SZ000617,投资管理_投资_咨询服务_保险经纪
SZ000937,煤炭_建材_水泥_无碱
SZ300812,设备_研发_模组_贴片机
SH603826,珠光_材料_研发_云母
01717,乳制品_营销_婴幼儿_配方
SH600917,燃气_供应_运营_分布式能源
SH601000,港口_运输_仓储
SZ200725,京东方_生产线_面板_出货量
SZ002112,变压器_低损耗_电力_经营项目_技术咨询
SZ002254,芳纶_氨纶_高性能_间位_对位
SH601898,煤矿_煤炭_经营项目_矿区
SZ002731,饰品_珠宝饰品_批发_首饰_加工
SZ300526,潜水_技术培训_涉水_装备
00960,物业_物业管理_天街_投资
SH603299,纯碱_氯化钙_工业盐
SZ002756,不锈钢_研发_线材_特种
MGM,度假村_娱乐_度假胜地
01971,物业_中指_服务供应商
SH600119,货运_现代物流_仓储_快件
SZ000543,电力_能源_投资_为主
09928,物业管理_物业_中指
03316,物业管理_服务提供商_住宅_长江三角洲
SH603662,传感器_应变_干粉_称重
JNJ,强生公司_邦迪_护理产品_新布仑兹_可伶可俐
SZ300469,软硬件_系统集成_计算机_网络工程
SH600328,盐藻
SH605188,连锁_百货商场_运营_超市
SZ300137,监测_自动_系统_环境监测
SH603639,农药_原药_中间体
SZ002801,风机_转子_无刷_节能型_电机
SH601015,甲醇_粗苯_煤焦油_焦化_循环
FAST,电动工具_螺帽_标准件_紧固件
02342,网络系统_无线电
SZ300284,工程设计_苏交科_工程_承包_位列
00769,耐火_稀土_销售业务
SH688166,内脂_苯醚_化学制药_类化合物_多肽
SH600168,武汉市_排水_污水处理_自来水
SH688178,环保_废水处理_高难度_垃圾
SH600370,印染布_印染_涤棉布_染整
SH600770,应用_集成电路_产品开发
SH600731,农药_百威_化工_化学农药
SZ000978,旅游_客运_游船
SZ300255,肝素_肝素钠_原料药_注射液_分子量
SH603007,工程_园林绿化_花卉苗木_市政_景观
SDGR,以较_软件_药物_分子
KGJI,铂金_加工_黄金
SH600082,教育软件_教育_技术开发_器材_咨询_孵化_高新产业_创业_投资
ASML,光刻_集成电路_半导体_系统
SZ000957,客车_配件_厢式_开发
SH600339,工程_承包_项目管理_工程设计
SZ002218,太阳能_芯片_太阳电池_电池组_电池
SZ002061,养护_工程_化工产品_项目管理_工程施工
SH600623,丙烯酸_化工_能源化工_及酯
SZ002940,原料药_头孢_克洛_制剂
SH688068,医疗器械_试剂_仪器_进出口
SZ002321,羽绒_饲料_加工_熟食
SZ300821,有机硅_氯硅烷_二甲基二氯硅烷_甲基_硅油
GTH,泛生子_开曼群岛_癌症_诊断
RTX,汉胜_联合技术_科斯_燃料电池_电梯
SZ002895,磷酸_一铵_磷酸二氢钙_肥料_饲料
SH600642,电力_开发_经营管理_天然气_建设
SZ002005,德豪润达_开发
SH603157,下装_裙装_配饰_上装_服饰
SZ300667,传感器_无线_芯片_系统
SH600467,海参_海蜇_海产品_养殖_海带
01806,支付_金融科技_服务提供商_服务公司
ARE,房地产投资信托基金_生命科学_联邦所得税_生物技术_政府机构
SZ000822,纯碱_溴素_氯化钙
SZ002394,色织布_纺织品_服装
SZ300599,管材_管件_中国塑料_塑料管道
SZ300565,设备_通信_研发_接入网
SZ002595,模具_轮胎_子午线_技术开发
LFC,人寿保险_健康险_人身保险_意外险_团体
SZ002215,农药_高新技术_农业
SH603991,聚烯烃_高分子_环保型_光缆_材料
00762,宽带_移动_中国联通
SZ002178,施工_智能化_建设工程_工程
O,不动产_资金流_月度_租赁_红利
00665,经纪_融资
SZ002141,漆包线_铝线_镀锡
01508,再保险_再保险业务_股份有限公司_资产管理_保险经纪
SH600512,工程施工_工程_公路_公用_市政
SZ002543,燃气_热水器_燃气具_热水_干衣机
SZ000862,发电_新能源_太阳能_风力_光伏发电
SZ000068,水务_咨询_防治规划_海绵城市
SZ002496,原药_农药
SZ300830,管理_维护_信息系统
00672,物业_住宅_开发_保安
SH600513,胶囊_非洛地平_联环_工作站_心血管
SH600236,火力发电_电力_水电站_发电
SH600880,投递_印刷_广告_开发_报刊
SZ002902,通信_电源_网络通信_光电_磁性
00001,基建_电讯_能源
SH603067,日止_酸酐_铬盐_红矾
SZ300440,轨道交通_安全_运用
SZ002401,智能交通_电信业务_航运
SH600429,乳品
SH600738,零售_餐饮_批发_租赁_百货
03301,融信_物业_旗下_房地产开发
SZ300141,电力_成套设备_装置_充换_电设备
03998,羽绒服_贴牌_分销_采购
SZ002370,胶囊_阿奇_研发_霉素_制剂
SH600393,房地产开发_批发_专控_房地产
SZ002907,胶囊剂_中成药_冻干粉_研发_粉针剂
OCFT,金融壹账通_科技_提升_金融机构
00535,物业_投资_住宅_金地商置
SZ000751,加工_综合利用_硫酸_冶炼
06855,药物_候选_凋亡_癌症
SH688006,充放电_后处理_设备_电池_锂电池
SZ002012,用纸_特种纸_过滤纸_食品包装_配套
SH688588,中国软件行业协会_评选_软件行业_软件产品_软件
SH600749,景区_旅游_藏戏
09969,候选_生物医药_药物_临床试验
SH603982,零部件_壳体_汽车
SZ002381,输送带_橡胶
SZ002438,蝶阀_阀门_球阀_除尘
SH600083,通讯器材_计算机设备
SH900923,百货_超市_连锁_食品
REGN,注射液_再生元制药公司_生物制药_集成
02009,房地产开发_水泥
SZ000861,互联网金融_版块_文化娱乐_出租_运营
SZ300466,制造_智能_称重_进出口
SH600510,牛仔布_针纺织品_黑牡丹_工业园_面料
SZ000962,有色金属_合金制品_科研_材料
SZ000518,注射剂_试剂_诊断
SZ300399,信息服务_移动_电信运营
SH603661,配件_办公椅_化学品_家居
SZ002969,灌装_食品饮料_饮料_包装容器_金属包装
SH601101,煤炭开采_洗选_无烟煤
01169,洗衣机_热水器_物流
SH603021,进出口_日用玻璃_玻璃器皿_技术咨询
SZ002775,工程施工_园林绿化_规划设计_经营项目_园林
SZ002842,硬质合金_进出口
SH900933,著名商标_水泥_全优_胜马_建材行业
SH600096,化肥_磷酸_磷矿石_水溶_采选
SH688058,中间件_软件_运维_进出口
SZ300325,材料_线缆_高分子_绝缘材料
SH603053,燃气_工程施工_区域_燃气表
02128,运营_部在_家居_建材
SZ000687,研发
SZ300300,工程_智能化_资质证书_经营项目_建筑
SH600063,聚乙烯醇_纤维_醋酸乙烯_高模_高强
SZ300477,配电_进出口_化学品
SZ300802,设备_组件_智能_光电
SZ300042,移动硬盘_闪存盘
SH603786,汽车电子_控制系统_电子_研发
SH600094,开发_分支机构_技术咨询
SZ300038,铁塔_通信_智能
SH603359,生态景观_景观_工程_修复_生态
SH601011,石墨_洗选_煤炭开采
SZ000523,化学品_批发_制造_危险
SZ300195,模切机_设备_高精密_压平
SZ000035,垃圾焚烧_发电_成套设备_环保_保洁
SH600428,批发_零售_货物运输_施工
SZ000597,用药_原料药_医药_药品
06820,手机游戏_女性_古风_市场
SH603615,家居用品_餐具_日用塑料_纸塑
SZ002071,实景_制作_影视_长城影视股份有限公司_娱乐
SZ000709,铁合金_钢坯_合金
SZ002479,薄板_冷轧_热电_精密_蒸汽
SPOT,音乐_流媒体_艺术家_有限责任公司
SZ300749,五金_定制衣柜_智能_家具_智能家居
SH603938,氢氧化钾_三氯氢硅_精细化工
SH603458,工程_勘察_承包_监理_咨询
SZ002431,风景园林_规划设计_园林工程_市政工程
SZ002544,系统工程_制造_工程_通信
SZ002864,食品_医疗器械_药品
SZ002159,索道_客运_景区_旅游_运输服务
SZ002887,工程施工_工程_绿化_修复_环境治理
SH601588,出租_物业_零售_房地产开发
SZ300082,环氧乙烷_化工新材料_聚醚_减水剂
SZ002067,板纸_皮箱_卡纸_特种纸_白面
SH600603,评为_批发_冷链物流_消费者协会
00832,酒店_建业_郑州
SH603121,涡轮_增压器_零部件_排气
09911,移动_应用_开发者_用户
SH603168,滴眼液_莎普爱思_头孢菌素_白内障
SZ002776,服装设计_服装面料_服装_研发_医用
T,电信_服务提供商
SH600039,工程_工程施工_公路_混凝土
SH600751,解决方案_计算机软件_海航_技术开发
SZ000927,汽车整车_汽车
ACMR,芯片_制造商_极限_晶圆片
SZ300341,制造_电气
01908,房地产开发_代建
ESS,公寓_开发_社区_住宅
SH600145,卫浴_实业_卫生洁具
SH603716,试剂_耗材_医疗器械_诊断_体外
SZ000837,磨床_制造_齿轮_精密
SZ002484,电容器_配件_铝电解_研发
SZ300828,散热器_铝合金_精密_结构件_新能源汽车
SZ002170,复合肥
SH601678,盐酸_二氯_丙烯_氢氧化钠
SZ300412,专用设备_制造
SZ300116,灭火_消防工程_零部件
SH600869,咨询服务_智慧能源_智慧城市_制造
QH,趣活_劳动者_生活_个人成长
SH600526,电除尘器_烟气_气力输送_设备
SZ300480,管理体系_封测
SH601801,出版物_零售_仓储_文体用品
SH600108,种植_加工
SZ000099,通用航空_直升机_飞行_航空_租赁财产
SZ300546,智能_证卡为_证卡_设备_数据管理
SZ000008,轨道交通_运营
SH603355,研发_电泵_吸尘器_知名品牌
SH688312,设备_测试_技术开发_自动控制
GE,媒体_医疗_成象_飞机发动机_消费金融
SZ300384,聚酰胺_工程设计_解决方案_设备设计_非标
SZ000557,经营管理_开发_仓储_铁路
SZ300297,安全_计算机_信息安全_制造
MAC,马塞里奇房产公司_房地产投资信托基金_马里兰州_购物中心
SZ300584,注射用_头孢_研发_化学药品
SZ300708,芯片_合同能源_研发_片及
SH601512,开发_苏州工业园区_运营_四连冠
WELL,老年人_住房_医疗保健_房地产
00384,燃气_石油气_液化_接驳
SH900905,工艺美术品_笔类
SH600458,减振_高分子_工程化_风力_叶片
SH601991,发电_电力_煤炭
SH600173,物业管理_房地产开发
SZ002068,炭黑_焦油_白炭黑_精制
SH688098,兽用_生物制品_疫苗_免疫增强
SH603978,晶粒_细化_研发_轧机
CPE,天然气_有限合伙企业_石油
SH601566,男装_休闲_服饰_商务_九牧王
SZ002064,氨纶_聚氨酯_原液_己二酸
03958,证券投资_证券_代销_投资基金_融资融券
03899,装备部_制造_储存
COST,贩店_会员制_储量
NKE,运动鞋_服装_耐克公司
SH601798,设备_石油_石化
ERIE,交易所_代理人_认股
SZ300106,种畜_饲料_生鲜_养殖
SH600775,智能_制造_设备_电子制造
00777,网络游戏_移动_解决方案
SZ002741,化学品_化学试剂_研发
SH600261,照明_节能灯_荧光灯_电器_专利
PINS,梦想_媒体_灵感_纯粹
SZ000600,运营_供热_电力_装机容量
SZ300214,改性剂_抗冲_塑料_丁酯
SH603499,包装印刷_标签_彩盒_包装
SZ300522,色浆_类色_调色_研发
SH601949,出版_出版物_所属单位_印刷
SZ002330,肉制品_肉及_速冻_冷冻_得利斯
03331,用纸_护理_用品_生活
SZ000813,原料药_研发_中成药_盐酸
02777,物业_仓储_房地产开发_酒店_核定
SZ002991,食品_管理体系_休闲
SZ300516,红外_热像仪_激光测距仪_激光
SZ000662,系统集成_软件产品_运营_化学药品
SZ300560,通信_工程_网络_工程施工
SZ002559,激光_自动化_加工_机床
SZ002587,技术领先_金融科技_电子_方案设计_大屏幕
NEW,培训_朴新教育_教育_运营
SZ002264,批发_食品_散装_包装_类预
01428,经纪_海外市场
01128,娱乐场_渡假村_永利澳门_永利
SH688015,信号系统_轨道交通_关键设备
SZ002800,货物_运输_道路_物流_专用
SZ000785,家居_建材超市_零售业务_居然之家
SH600971,煤炭开采_洗选_煤炭_安徽恒源煤电股份有限公司
SH600866,原料药_添加剂_核苷酸
01456,证券_资产管理_经纪
SH600130,通讯_配件_高新技术_掌上电脑_移动
SH600136,体育_经纪_影视剧_影视_艺人
SH603989,电容器_铝电解_片式_引线
SZ002206,石塑_帘子布_地板_长丝_材料
SH603266,塑料零件_精密_模具_注塑_各类
02869,物业管理_服务部_咨询服务_物业
SH600022,钢材_钢铁_水渣
SZ000965,房地产开发_基础设施_项目管理
SH600976,颗粒_胶囊剂_糖浆剂_医药商业_颗粒剂
SH603855,防爆_防爆电器_技术咨询_照明灯_照明设备
SH603726,风叶_家用空调_风机_复合材料_机械
SZ300278,自动化_生产线_焊装_智能装备_制造
SZ002783,炸药
02883,油田_油气井_泥浆_固井
SZ002760,耐磨材料_铸球_合金
SH600691,化工产品_丁醛_易爆_专控_易燃
SZ300593,电源_设备_进出口_配件
SH688010,光学_镜头_光电
SH600020,经营管理_高速公路_凭证_设备租赁_租赁
SH600710,工程_国际招标_承包_光伏_贸易
SZ300591,器材_防弹_排爆_防护
SZ300173,自动化_智能_专用设备_系统_整厂
SZ002210,供应链_塑化_执行
SH600105,光缆_通信设备_电缆
SZ002552,铸锻件_研发_配套
SH600871,工程_油气勘探_专利_进出口
SZ002301,办公设备_电信业务_办公用品
RRC,天然气_沃思堡_德克萨斯州_石油_阿巴拉契亚
SH601127,汽车整车_汽车零部件_风光
SZ300462,检票_自动_轨道交通_设备_售票机
TOUR,途牛_旅游_旅游网_预订_出游
SZ300581,航空_陕西省_研发_机电产品_无人机
SZ002227,电力_设备_电源_充电_直流电源
V,支付_处理_借记
02001,民办_高等教育_学校_工商职业_贵州
SZ300243,纤维_进出口_土工布_助剂_改性剂_抗冲_研发
SZ002785,石材_建筑装饰_景观_矿产品
SZ002539,肥料_复混肥_进出口_技术开发
GNUS,内容_视频点播_电子出版_家居用品
TWLO,可编程_通信_软件应用_开发人员_随收
SZ002860,起动器_接线柱_保护器_密封_压缩机
SH603398,玩具_模具_益智
SZ002108,管件_管材_薄膜
SZ002211,硅橡胶_销售业务
SH603558,袜子_员工_咨询_童袜
00338,石油化工_合成纤维_炼油_商标_塑料
01798,新能源_电力_服务部_风力_收入
SZ000430,旅游_酒店_客运_广告代理
EQR,有限合伙_住宅_多户_公平住屋公司_投资信托公司
SH600488,原料药_皮质激素_制剂
01086,配件_儿童
SH603727,模块_设计_设备_制造_调试
SH603059,湿巾_卫生用品_口腔_用品_牙刷
SH600533,房地产开发_租赁_物业管理_南京栖霞建设股份有限公司_住宅小区
SH688025,激光器_光纤_研发_及微_智能装备
SZ000668,房地产开发_平米
SH688186,船级社_特钢_模具钢_钢制品_特殊钢
SZ002522,热收缩_收缩膜_共挤_多层_薄膜
SH600184,光电_玻璃_材料
SZ002519,设备_装备_结构件_智能
SH600888,电子_铝箔_高纯_铝制品
SH603220,通信_网络_系统集成_维护
SH688099,芯片_多媒体_终端_智能_研发
SZ300311,审计_网络_内容_安全
01038,基建_新西兰_葡萄牙
SZ002971,气体_工业气体_节能环保_工业_尾气
DDOG,监视_应用程序_团队_运营
SH603901,包装_包装材料_设计_设备_研发
SH600381,冬虫夏草_广告业务_销售业务_咨询服务
AVB,年于_加州_公寓_美国_社区
00038,拖拉机_农业机械_叉车_动力机械
SH603179,汽车饰件_护板_解决方案_进出口
SH688022,智能_制造_研发_装备
SZ300179,金刚石_聚晶_复合_超硬_氮化硼
SH600693,零售_房地产开发_物流_化学品_仓储
SZ002538,一铵_磷酸_肥料
SH600117,加工_起重机_冶金
SZ002965,模具_结构件_冲压_精密_金属
00382,民办_大湾区_高等教育_职业教育_机构
SH603721,收视_电视剧_制作_电视_版权
SH601388,铝合金_再生_分选
01966,物业_房地产开发_物业管理_投资
SH603879,合成树脂_聚氨酯_聚酯树脂_发性_聚苯乙烯
SZ002095,信息服务_企业应用_电子商务
SZ002719,乳制品_烘焙_食品_经营项目
SZ002636,固化_铜板_铜箔
02051,信用卡_信贷_个人信用
SZ002933,航空装备_机载_伺服_控制技术
SZ002921,零部件_制造_精密_铸造_设计
SZ002162,瓷砖_健康_证书_建材
00027,澳门_博彩_酒店_娱乐场
SZ300678,人工智能_智能_计算机
SH603903,污泥_污水处理_运营
SH688310,装配_自动化_医用_设备
SZ300532,物流_系统_自动化_配送_经营项目
SZ002799,印刷_彩盒_瓦楞纸箱_纸盒
SZ300355,修复_生态_治理_园林绿化_植物
SZ300723,口服液_注射用_药品_颗粒_进出口
SH600611,国际物流_服务业_投资业_分公司_旅游
SZ300424,修理_制造_机载设备_设备_专用设备
06826,医用_材料_制备_基因工程
SH600069,特种纸_包装纸_原纸_用纸
SZ002976,资产管理_基金_公募_投资管理_管理
00371,建造_污水处理_咨询服务_污水
SZ000680,建设机械_机械_配件_农田基本
HJLI,疾病_治疗_开发_外科医生
SH603797,污水处理_运营_防治_环境治理
SZ000589,轮胎_制造_三来一补_橡胶制品
SZ002644,中成药_中药材_及大_研发
03328,交银_村镇_金融债券_代理
SZ000968,瓦斯_煤层气_煤矿_利用业务_治理
SH603221,地板_评为_塑料_研发
SZ300585,汽车电子_电器配件_供应商_模具
SH603616,混凝土_钢筒_排水管_预应力
SH600249,牙膏_日化_用品_洗手液_沐浴露
SZ000716,食品_专项_服务项目_物业管理
LULU,运动_技术型_瑜伽_装备_时尚
SH600874,环保_环境治理_技术咨询_研发
SH600222,口服液_年度_评为_中国医药
SZ000819,石油化工_异丁烯
SZ000023,经营项目_混凝土_房地产开发
01113,物业_飞机租赁_项目管理
SRG,租户_房地产投资信托基金_西尔斯
BCRX,药物_生物技术
03380,物业_建筑_开发
SH603557,配饰_服饰_儿童_童鞋_童装
SZ002529,意外保险_管理_养老保险_寿险_复合材料_模板_压机_液压
WEI,微贷网_车贷_互联网金融_单位_融资
SZ300333,防伪_移动支付_对公_及纸_电子支付
C,花旗集团_花旗_花旗银行_金融服务
SZ002988,铝型材_门窗_型材_研发_系统
SZ002348,玩具_教育_互联网_儿童用品
DRE,办公室_医疗_国内税收法规_房地产投资信托基金_投资公司
SH603788,控制系统_变速_车辆_软轴_拉索
ADBE,开发人员_奥多比公司_个人电脑
RUHN,财年_推动者_粉丝_电子商务
00390,房地产开发_工程_咨询服务_设备_勘察
01109,物业_万象_酒店_投资
SZ300091,离心_风机_鼓风机_技术咨询_新能源
SZ002917,炸药_工业_乳化_智能装备_机器人
SZ300158,抗肿瘤_盐酸_原料药_研发
00694,航站楼
SZ002761,工程_建筑施工_建筑_相配套
SZ300066,水表_甬岭_爱水_科技
SH600861,商务酒店_租赁_物资
PLD,物流_设施_高通量_公司资产
SZ002679,森林_管护_木材
SZ300092,设备_压力容器_制造
SZ002349,保赤丸_苯巴比妥_目录_原料药_氟尿嘧啶
01238,物业_宝龙地产_物业管理
SZ002224,橡胶_名牌产品_胶带
00291,啤酒_华润_分销_雪花
SZ002017,智能卡_接触式_商事_磁条卡
SH601028,钢管_大宗商品_石油
02611,证券投资_证券
SZ002417,信息服务_数据_系统集成_工程_计算机
SH601918,煤炭_煤炭开采_洗选
SZ002627,客运_运输服务_汽车_旅游
SZ002638,照明_教育_半导体_培训_技术开发
03306,江南布衣_配饰_鞋类
SZ300139,集成电路_设计_芯片_电能表_电力线
SZ300833,桁架_光束_染色
SZ002118,中成药_四妙_胶囊
X,钢铁公司_设在_子公司_美国钢铁公司_企业合并
SH603183,建筑材料_工程技术_新型
WKHS,下于_环境影响_以使_高性能_电动汽车
SZ300721,醇醚_酯类_化学品
SH688159,无线通信_联网_终端_模块_技术开发
SH603309,医疗器械_医疗_制造_设备
01999,沙发_北美
SH603306,安全气囊_防护_制造_医用_口罩
SH603326,家具_定制_材料
02877,中药_营销_研发_软胶囊
SZ002619,针纺织品_预制构件_五金交电_信息服务
SH603536,速冻_食品_肉制品
REG,合作伙伴_收益_数值_运营
SZ002229,印刷_书刊_商业票据_票证
SH603339,船级社_集装箱_设备_罐式
SZ300220,激光_设备
SH688003,检测_视觉_装备_自动化
SZ300184,元器件_电子_研发_芯片
SH603300,设备租赁_应急_租赁_支护
SZ002763,内衣_人体工学_开发设计_桑扶兰
SDC,矫正器_正畸_个州
SH600856,天然气_储运_海外_设备
SH603966,电动葫芦_起重机_工程机械_研发_部件
SH600722,盐酸_次氯酸钠_树脂_液氯
SH603969,钢绞线_钢棒_研发_钢丝
SZ300107,中间体_氨基_二苯砜
SH605001,轨道交通_内装_研发_车辆
SZ002823,集电环_配件_电机_五金件_研发
SH603730,汽车零部件_遮阳板_座椅
SH600148,离合器_汽车零部件_汽车_举升_中国汽车工业协会
00168,啤酒_青岛啤酒
SH600320,承包_钢结构_设备
SZ002652,涂层_有机_建筑装饰_投资管理
SH601858,广告_科学_出版_图书_出版物
00732,液晶体_消费产品_显示器_制造
SZ002434,汽车零部件_变速器_汽车_新能源汽车
SZ002723,可充电_交直流_两用_风扇_备用
SZ300129,塔架_辅件_发电设备_零件_风力
D,英里_线路_天然气_道明尼能源公司_经营管理
01765,学院_高等教育_贵州_财经大学_希望教育
SH600823,综合_物业管理_房地产开发_商业
SZ002545,钢结构_电视塔_技术咨询_铁塔_广播
SZ002269,羽绒制品_配送_纸制品_箱包_皮革制品
01385,咨询服务_集成电路_探针
SH603032,客运_道路_汽车站_旅客_市际
SZ300032,马达_触摸屏_模组_结构件
SH600790,租赁_纺织品_危险品_装潢
SH600169,设备_油膜_轴承_轧机_起重
CSCO,互联网协议_网络产品_思科公司_公共机构
SH600748,房地产开发_房地产
NOAH,资产配置_海内外_筛选_累积
SZ300127,制药_生产线_设备_成套_食品
SZ300695,轴承_轮毂_研发_单元_汽车
SZ300609,客流_视频_科技_商业
01813,物业_房地产开发_物业管理
SZ300051,企业邮箱_域名_软件产品
SH600651,照明_智能卡_工程施工_灯具
SH603279,压滤机_设备_配套_配件_各式
SH600520,模具_精密_研发_备件_支架
03318,香精_波顿_香料_日用
SH600605,租赁_风力_发电_房产
SZ300811,软磁_合金_电感_粉末_元件
SZ000928,工程_承包_设备_资质_甲级
SH688369,协同_软件产品_管理
SZ002325,工程施工_设计_施工_咨询_幕墙
SH600238,保健酒_酒类_椰岛_饮料
00272,物业_瑞安房地产有限公司
SH603222,医疗器械_医用_大输液_口罩
SZ300801,化学品_处理剂_氯化锌_阻垢
SH601579,黄酒_食品
SZ200581,系统_燃油_内燃机_汽车零部件
SZ000952,核黄素_添加剂_饲料
00813,酒店_物业_世茂
SZ002995,企业级_营销_互联网_信息服务
SZ002274,日用百货_化肥_化工原料_金属材料_化工产品
01044,卫生用品_恒安_晋江_分销
SZ300650,照明_制造_解决方案_照明设计_商业
SZ300387,研发_肥料_化肥_助剂
SH600021,信用评级_电力_热力_发电_光伏发电
SZ300822,智能_控制器_研发_智能家居
SZ002743,钢结构_资质_设计_工程
SH688004,音视频_跨平台_运维_软硬件
SZ300336,影视剧_制作_发行_口碑
00363,消费品_部门_基础设施
SH603227,民用_爆炸_索类_火工品_物品
SZ002937,模具_精密_连接器_电子_配件
SZ002331,系统集成_安徽省_开展_港口航运
SZ000918,房地产开发_物业管理_后方_营销策划
GOOS,零售商_批发_加拿大鹅_功能
SZ300600,自动化_电气_船舶
SH600616,黄酒_进料加工_外经贸委
SH603663,氧化锆_电熔_材料_福建省_陶瓷
SH603322,工程_制造_通信
SH603188,染料_中间体_发明专利_蒽醌
SZ002549,气体_二氧化碳_工业气体_添加剂
SH688189,药品_创新药_研发_化学药品_新药
SH688168,网络安全_安全_软件服务_网关_工信部
SZ300197,生态_工程设计_生态景观_市政
00815,白银_中国制造_银锭
DHT,油轮_万到_不等_万吨_船队
SZ002492,仓储_码头_保税仓库_液体化工
SZ300291,衍生_制作_影视_电视剧_经营项目
02016,代理_零售银行业务_政府债券_金融债券
SZ300617,连接件_电缆_高压_超高压
SH600717,装卸_搬运_国家专利_发明专利_港口
SH603607,全息_模压_激光_技术开发
SH600495,铁路_车轴_转向架_制造
SH603066,穿梭_输送机_货架_设备_仓储
SH603995,不锈钢板_冷轧_研发_不锈钢_精密
CRWD,安全_端点_模块_解决方案_改变
SZ000925,工程_轨道交通_开发_节能环保_单晶硅
SZ300679,连接器_微型_塑胶制品_电子_互连
SZ300800,环境监测_运营_系统_监测_服务公司
01618,工程_房地产开发_开发_承包
SZ000715,零售_写字间_商业
SZ300332,余热_发电_合同能源_治理
SZ000546,资产管理_基金_兴业_中国证监会_水泥_处置_核心_建材
SZ300692,资源化_黑臭_环境治理_工业废水_污泥
SH600661,教育_技术咨询_高新技术
SH600215,房地产开发_租赁_土地开发_长春经开
SH600361,生鲜_超市_出租_连锁_针纺织品
SZ002344,皮革_租赁_最具
SH600639,物业_租赁_厂房_房地产开发
00293,航空_业务部门_货运站_饮食
SZ000922,电机_防爆_屏蔽_电泵_扇风机
SZ300074,视频会议_智慧城市_解决方案_设计
SH600146,服装类_塑料板材
SH603330,热熔胶_发明专利_授权_专利_化学品
SZ300645,一卡通_设计_资质
SH600759,进出口_石油化工_开发
06806,股权投资_投资_评级_投资管理
BZUN,宝尊_解决方案_商城_电子商务
01762,分发_安卓
NET,应用程序_性能_云和
09939,癌症_弗若_沙利文_药物_斯特
SH600706,旅游_景区_开发
SZ002718,吊顶_集成_塑料制品_研发_家居
SH688028,超硬_刀具_高精密_超高
SZ000833,硫铁矿_纸浆_硫酸
SH600774,零售_批发
SH603699,阀门_设计_设备_制造
SZ000850,混纺纱_投资管理_纺织设备_针织品_人造纤维
SZ002942,制剂_原药_中间体_列入_化学农药
SH601258,汽车_租赁_代理_汽车装饰
SH600237,电容器_薄膜_支架_金属化
SZ002553,滚针轴承_离合器_轴承_单向
SH600345,通信
ALGN,口腔_扫描_系统_正畸
01812,造纸_机制纸_热力
SZ300586,塑料_着色_高分子
SH600491,工程_壹级_民用建筑
SH603877,时尚服饰_男装_女装_童装_零售
CLVS,开发_商业化_化合物
SH600071,光学_零配件_钢片_镜头_快门
SZ000407,农化_天然气_塑胶_贸易
SH603037,减震_元件_胶轮
SH600200,有机颜料_化工_主营业务
SH688128,制造_电气设备_技术标准
SH688001,检测_设备_平板_研发_集成电路
RENN,陈一舟_人人公司_纽交所_中国互联网
SZ000055,幕墙_施工_屏蔽门
SH603199,旅游_酒店_旅行社_九华山
SZ002047,建筑装饰_工程_综合
SH600960,活塞_汽车空调_汽车零部件
SZ300643,气门嘴_轮胎气压_认定_配件
SZ002462,医药_药品_批发_零售业务_医疗器械
SH600868,梅县_制造业_三龙_生产业
YJ,云集_会员
SZ300100,五金件_汽车零部件_塑料件_模具_配件
SZ002923,中间体_原料药_化学_医药_药制剂
SZ002472,齿轮_传动_电动工具_研制
SZ002528,显示器_防爆_研发
SZ300317,光伏_电站_太阳能_照明_互补
SH600399,特钢_特殊钢_材料_军工_冶炼
SZ300266,制造_咨询服务_管理
00581,钢铁_销售业务
SH600708,中国房地产_冷链物流_房地产_货物运输
SH900951,添加剂_氯化铵_技术开发_纯碱_副产品
SH600086,翡翠_批发_饰品_珠宝饰品
SZ000510,树脂_烧碱_聚氯乙烯
SH603023,汽车电子_总线_开发_研制开发
SH603366,热水器_太阳能_厨电_采暖
SZ002992,平板显示器_设备租赁_新型_导光板
SVA,活疫苗_第一支_冠状病毒_疫苗
SZ002403,机器人_炊具_家居用品_小家电_压力锅
SZ002599,印刷_出版物_全彩_商业_进出口
ACH,氧化铝_富时_铝矿
SH603917,模具_壳体_汽车_缸盖_发动机
MRK,疫苗_健康_动物保健
SZ000665,有线_数字电视_有线电视_运营
SZ002165,汇添富_资产管理_基金_投资管理_聚氨酯_聚醚_异丙醇_发明专利
02314,包装纸_卫生纸_木浆_采购_原料
SZ002009,自动化_物流_控制软件_系统_设计
SH603577,铁塔_工程施工_线路_输电_山东省
02208,风力_风电_风电场_风机_发电机组
MAA,物业管理_房地产_孟菲斯市_收购_投资
SH600629,建设工程_设计_工程_一体化_建筑
SH600251,加工_皮棉_棉花_新疆
SZ000820,工程_承包_咨询_低碳_工程设计
00968,太阳能_发电场_玻璃_玻璃产品_白光伏
SZ000506,房地产开发_矿业_股权投资_中润资源投资股份有限公司_投资
SH600337,家具_木制家具_策划
01119,游戏_运营_创梦天地
SH603100,咨询服务_成套_制造_系统集成
SZ300262,进出口_经营项目_帽子_辅料_服装_设备_处理_污水处理_海绵城市_环保
SOLO,石油_位于_权益_天然气_投资公司_电动汽车_开发阶段_通勤_城市居民_专注
01098,收费公路_合作企业_发展
SQM,矿石_硝酸盐_钙质_衍生物_智利
SH600825,音像制品_报刊_图书_零售_批发
SZ300064,超硬_金刚石_饰品_材料_人造
SH600455,高等教育_系统集成
SH600217,拆解_电子产品_回收_进出口
SZ002246,器材_活性炭_硝化棉_防护
SH603002,环氧树脂_化学品_危险_监控
01769,课程_课后_学业_备考_初阶
SZ000973,塑料_薄膜_塑料制品
SZ002076,照明_镇流器_配件_荧光灯_紫外线
VIOT,互联网_云米_家电_全屋
SH603015,塑料机械_自动化_塑机_光伏发电
SZ002659,教育_凯文_学校_培训
SH600012,安徽省_公路_建设_收费公路_运营
SH605118,镜头_光学_制造_视觉
AXP,旅游_消费者
MS,摩根士丹利_金融服务_资产管理_企业合并_股票和债券
SZ300380,软件开发_咨询_风险业务管理
SZ300705,食品_医疗器械_提取物_辅料_原料药
SZ002404,服装_电信业务_销售业务
SH600997,洗选_原煤_煤炭开采_肥煤_分类
SH688228,运维_网站_服务平台_管理体系
00489,汽车零部件_乘用车_商用车_制造
SH688080,联网_通信_密码
SH601886,建筑装饰_幕墙_医疗_各类
SH600327,百货_零售
TM,丰田汽车公司_丰田_商业法
SH600354,收购_加工_棉花_棉油
SH601619,新能源_经营和管理_建设_开发_发电
00548,经营管理_道路_收费公路_投资
SECO,寺库_高端_奢侈品_中心地段
01811,电厂_电力_供应
SZ300103,公路_承包_机械设备_半挂车
MCD,快餐_连锁_薯条_炸鸡_麦当劳公司
SZ300109,吡咯烷酮_精准医疗_精细化工_聚乙烯
SH603977,爆破_民用_器材_进出口
HMY,勘探_哈莫尼黄金矿业有限责任公司_南非_巴布亚新几内亚
SH600824,租赁_进出口_商业_百货
SH603937,铝材_彩涂_精整_食品包装_切割
SZ000416,保险经纪_典当_主营业务_零售业
SZ300718,自润滑_轴承_润滑_卷制_滑动轴承
SH600965,加工_食品_分支机构_屠宰_乳制品
SZ002173,珍珠_加工_养殖_认定_医药保健
SZ300225,涂料_研发
SZ002550,冻干粉_原料药_注射剂_制剂_胶囊剂
SH603116,红蜻蜓_儿童用品_皮鞋_皮具
01910,包及_行李箱_电脑包_休闲包_商务
01599,承包_勘察_工程_咨询
00688,物业_投资_部门_中国海外发展有限公司
SH600578,热力_电力_脱硫
SH600730,进出口_租赁
SH600081,系统_汽车零部件_压铸件_制造
SH600846,环境工程_咨询服务_投资_建设
03377,物业_投资
SZ002488,汽车零部件_车轮_钢制
02616,靶向_免疫治疗_肿瘤_药物_分子
SZ000958,发电_保险经纪_清洁能源_财务公司_联产
SH600959,广播电视_增值_电信业务
SH900956,压缩机_制冷_冰箱
SZ000301,纤维_聚酯_热电
SZ000584,技术咨询_氨纶_研发_生产线
CRVS,免疫_腺苷_肿瘤_检查点_方案
00639,焦煤_煤矿_煤炭开采_兴无
IDEX,区块_人工智能_所有权_内华达州
SH603421,设备_新能源汽车_低压_载波通信_电力线
SZ002758,药品_批发_零售_医疗器械
SZ300234,搪瓷_釉料_材料
SZ002345,珠宝首饰_潮宏基_珠宝_最具
SZ300668,室内设计_设计_综合体_建筑_概念设计
SH600468,钨钼_输配电_互感器_断路器
SZ000688,有色金属_精矿_选及
SZ300235,教学_教学资源_中小学_教育软件
UXIN,二手车_优信_车源_交易_经销商
SZ300757,设备_自动化_智能_专利
SZ300221,塑料_质量管理
SH603619,石油_天然气_工程_勘查_钻井工程
TTD,买家_广告_服务平台
00127,物业_上市投资_持作
SH600387,液化气_征费_成品油
SH601700,铁塔_输电_线路_各类_工程
SH600151,太阳能_汽车空调_汽车零部件
YRD,宜人_精英_贷是_咨询服务_投资人
00861,智慧城市
SZ300436,药物_乙肝病毒_类抗_核苷
SZ300827,储能_变流器_研发_逆变器_光伏发电
CEMI,测试_诊断_检测_合并
SH600246,房地产开发_自主_商品房
SZ000926,高新技术_房地产开发
SZ300125,余热_发电_光伏发电_设备
06919,用工_灼识_灵活_解决方案
SZ002929,工程施工_通信_施工
SH600826,进出口贸易_资产管理_上海兰生股份有限公司_贸易
SH600288,著作权_软件_专利_新增_发明专利
SZ300707,模具_冲压_汽车_冲压件_研发
SZ000731,尿素_重载_三聚氰胺
SH603809,齿环_同步器_汽车
SH603165,瓦楞纸板_原纸_第四批_板纸_瓦楞
02669,物业管理_服务部
SH688389,医用_设备_治疗仪_仪器设备_高频
SZ002972,防雷_轨道交通_系统_解决方案
01668,商贸_物流_物业
SZ002516,面料_涤纶丝_汽车_内饰_差别化
SZ002828,钻井工程_油田_油气勘探
00460,心脑血管_药品_捷利_中国制造
SZ300622,眼镜_视光_连锁_零售_咨询
SZ300807,智能_充电_汽车电子
SZ000410,工程_制造_机床_机械加工
SZ000909,数字电视_房地产开发_专利_发明专利
SH603979,矿山_采矿_矿业_管理
SZ300084,油气田_制造_售后服务_研发_非常规
SZ000966,热力_电力_铝及_煤炭
W,家居用品_令人振奋_家有
SH603099,旅游_客运_利用业务_旅行社
INPX,基于_数据服务_基础架构
SZ002358,成套_同行业_开关_开关设备
03799,达利食品_饮料
EBON,亿邦国际_测试仪_设备_区块_数据通信
SZ000615,粘胶纤维_房地产_商品房
SZ002483,船舶_海洋工程_搬运_装备
SZ000657,硬质合金_经营项目_深加工
SZ300205,智能卡_税控_数据安全
SH603729,全案_媒介_广告_代理
SNP,零售_批发_天然气_石油
SZ300006,抗肿瘤_抗感染_喹诺酮_肠外_注射剂
SHLL,合并_任何_私募
SZ000856,备件_机械设备_土建_维修
SZ002267,天然气_长输_管道_燃气_运营
SZ002634,无缝_服装_法维诗
SZ300080,刃料_太阳能_切割_电池
SH603803,接入_通信_进出口
SZ002390,胶囊_胶囊剂_六味
SZ002360,炸药_爆破_民用_乳化_膨化
SH600724,房地产开发_水泥_开发_新型建材
SH600715,制作_网络游戏_影视_策划
SZ002665,空冷_电站_元件_利用设备_设计
01778,租赁_服务部_物业管理
01375,证券_资产管理_代销
SH600679,房地产开发_经营管理_自行车_旧区_建设
SZ300608,云和_移动互联网_公有_数据
SH603876,铝板带_销售业务_研发
00468,灌装机_软饮料_包装材料_碳酸_乳制品
SH603077,氯化铵_制造_玻璃_农药_双甘膦
SH600569,冶金_液化_煤焦
OPK,股份有限公司_新兴市场_制药_诊断
SZ300739,印制电路_经营项目_线路板_增加
SZ300563,同轴电缆_射频_连接器_通信
SH601008,港口_装卸_堆存_货物
01528,家居装饰_商场_管理
SZ002149,稀有金属_金属制品_金属纤维_复合材料
SH603773,及光_玻璃_板块_光电子_器件
SZ300330,工程_系统_电子_自动_终端产品
UPWK,自由职业者_高技能_能够_创新者
SH600983,惠而浦_洗碗机_冰箱_冷藏箱_冷冻箱
SH600229,出版发行_中蒙_音像制品_产品开发_图书
SH600307,压延_金属制品_批发_石灰石
SZ300543,智能_控制器_电子产品_电源
SAVE,航空公司_至米_拉玛_超低价_空中客车
SH603551,吊顶_集成_浴霸_研发
F,汽车_附件
EBAY,网上支付_网上_商务平台_通信服务
SH603818,家具_民用_建筑装饰
SZ002114,精矿_铅锌矿_水力发电_锌锭
SZ002198,喉风_重感_灵片_中药_双料
SH603408,制造
SH603379,制冷剂_化学品_化工产品_氟碳
01208,铜矿_位于_勘探_矿山_世界各地
SZ300647,散热器_散热_技术开发_电子产品
RVLV,时尚_消费者_营销
GAN,游戏_娱乐场_应用程序
01117,液态奶_奶牛
SH688181,液晶_材料_液晶显示_晶体管_研发
SZ300449,数字视频_监控
SH600284,工程施工_建筑_沥青_工程
SZ002728,止咳_红霉素_品种_中成药
SZ300403,排水泵_家用电器_新能源汽车_板块
SH600277,治理_经营项目
AYX,易用性_软件平台_可视化
SH600182,轮胎_原辅材料_子午线
01911,投资管理_经济业务_领先投资
SZ002771,资质_电信业务
SZ300340,稀土_发光_材料_法规_锂离子
01234,利郎_配饰_男装
SZ002491,电缆_通信_光缆_通信设备
SH603878,管件_不锈钢管_工业用_钢制_不锈钢
SZ002154,报喜鸟_企业管理_统一_咨询服务
SZ000791,光伏发电_水力发电_风力_电力_发电场
SH603396,自动化_生产线_组件_成套_研发
TOPS,大宗商品_运船_油轮_船队
SH600757,出版物_物资贸易_印刷_印刷品_介质
SH603839,时装_化学品
SH600681,燃气_接驳_燃气具_天然气
SZ002694,塑料管道_管道
SZ000679,房地产开发_策略性_零售_写字间_广告业务
SH600626,纺织品_汽车
SH603863,再生纸_环保_白板纸
RIG,钻井_持续经营_深水_规格_天然气井
CHL,有线_宽带
00670,航空运输_航空
SH603578,玻璃_玻璃门_体及_家电
SH600676,客运_服务业_长途_汽车_汽车座椅
SH600713,医药_批发_零售
01981,制作_影视制作_往绩_首播
SZ002098,拉链_压铸件_模具_塑料
KRKR,内容_报道_付费_科技_商业
SH600091,化工产品_树脂_外围设备_苯酚
01268,汽车_销售业务_经销_零件
SH600295,羊绒_服装
SH600593,陈列馆_繁育_水族馆_游乐园_企鹅
SZ002903,数控_磨削_智能装备_机床_单位
SH600186,味精_鸡精
PBF,有限责任公司_石油
MDT,爱尔兰_美敦力有限公司_有限责任公司_医疗保健
00696,信息技术_航空_分销_凯亚
SH603268,日用瓷_研发_高品质
02198,活性剂_表面_环氧乙烷_乙二醇_丙烯
NVO,诺和诺德_产品组合_糖尿病_夫特_替代疗法
SZ002248,数控机床_数控系统_龙门_数控_机床
SZ002256,气雾剂_新能源汽车_生物降解_清洗剂
SH603895,自动化_智能型_装配线_生产线
IBM,解决方案_国际商业机器公司_服务部
SH600128,批发_承包_煤炭_食品
DUO,经纪商_赋能_房地产
SH600962,果蔬汁_浓缩_发明专利
SH688566,制剂_原料药_滴眼液_研发_化学药品
SH603101,分支机构_有效_零售
SZ300230,输送带_轻型_机械设备_进出口
SZ002628,工程_工程施工_公路_公路工程_隧道
SZ002136,钛白粉_安徽省_磷酸_示范
SZ000852,批发_油气_零售_研发
SZ002696,罗非鱼_饲料_食品_水产_水产饲料
SZ002054,化学品_助剂_农牧
SZ300629,复合材料_材料_金属
SH603277,设备_商用_制冰机_餐饮_冷藏箱
00867,营销_网络产品_医药
SZ200028,医用_设备_药品_批发
SZ002226,炸药_爆破_工业_民用
SH603970,农药_植保_机械
SZ000880,内燃机_资质证书_齿轮箱_发电机组
00991,发电_电力_煤炭
SH603045,触头_接触_材料_电工材料
SZ002660,电源_驱动_大功率_开关电源
01628,物业_酒店_物业管理
01788,融资_资产管理_做市
00451,线路板_印刷_光伏
SZ300155,系统_制造_停车场
SZ002533,电磁线_新能源汽车_电线电缆_电线
SZ300351,连接器_军用_组件_端接
CRM,通过_软件_互联网
SZ002542,工程_岩土_地基_强夯
SH603655,橡胶_研发_零部件_实验室
SZ000530,制冷_工程_成套_设备
SH601999,印刷_出版_优势_图书
SH603617,水泵_深井泵_潜水泵_交货值
FCEL,发电厂_燃料电池_超净_输电网
BLNK,充电_电动车_日该_设备_拥有者
SZ300542,解决方案_电信业务
LYFT,应用程序_联运_加利福尼亚州_旧金山
SZ000720,电线电缆_运营_金属材料
SZ300665,涂料_涂装_材料_化学品
HEXO,大麻_安大略省_公司法_有效期
SZ002412,注射剂_制剂_研发_胶囊剂_糖浆剂
SZ000626,大宗商品_仓储_品类
01958,乘用车_北京汽车_经营项目_汽车零部件
SH688199,苯基_苯甲酰基_引发_异丙基
SH601019,物资贸易_印刷_出版物_期刊
WUBA,同城_服务平台_本地_生活_用户服务
00189,制冷剂_烧碱
SH600209,调制解调器_路由器_基站_设计_装饰
SZ002082,铝型材_铝板_医疗器械_型材_铝加工
00947,天线_射频_基站_子系统_销售业务
SZ002575,科创_咨询_孵化_梦工场
BEKE,开曼群岛_居住_贝壳_品质_三亿
SZ300660,组件_电机_洗衣机_家用电器_微特电机
SZ002913,印制电路_高密度_研发
SZ300385,灰渣_烟气_处理_设备_净化
PM,菲利普莫里斯国际公司_产品组合_拥有
SZ002504,设计_工艺美术品_营销策划_装修装饰_景观设计
SZ000558,体育_代理_危险品
NCTY,第九城市_游戏_网络游戏_八款_上海第九城市信息技术有限公司
WYNN,渡假村_拉斯维加斯_赌场_叫做
SZ300277,软件开发_系统集成_技术咨询
SH601068,工程_承包_工程设计_咨询
SH900932,陆家嘴_陆家嘴金融贸易区_开发_用品_土地开发
SH688368,芯片_驱动_研发_照明
SH600351,膏剂_胶囊剂_颗粒剂_片剂
02727,设备_机电_交通设备
01846,屈光性_矫正_视力_晶体_手术
SH600579,设备_橡塑_装备_注塑_化工
SH600139,新能源汽车_资产管理_管理咨询服务_四川西部资源控股股份有限公司
SZ300306,检测_照明_光电_发行人_仪器
PCG,太平洋煤气和电力公司_附属公司_交付给_加州_效用
SZ000029,装修_房地产开发_租赁_酒店
01888,覆铜_面板_佛冈_建滔
SZ002011,制冷_空调_通用设备_技术咨询
SZ002363,制动_刹车片_轮毂_汽车零部件
COE,无忧英语_教育领域_在线教育_开曼群岛_高品质
LAIX,流利说_学习_英语_教育_人工智能
KNDI,电动汽车_浙江康迪车业有限公司_研发_汽车空调
SZ002512,接触式_电子标签_智能卡_智能_读卡器
SH688466,资源化_叁级_处理
SH600727,溴素_水泥_硫酸
SZ000953,技术推广_化学品
SZ002015,联产_热电_清洁能源_发电_能源
00267,承包_能业源_资源_工程
CHK,生产商_天然气_财政纪律_切萨皮克能源公司_经营策略
EQ,免疫_细胞_炎症_可选择性_检查点
SZ002943,研磨_切割机_硬脆_抛光机_材料
SZ000573,房地产开发_类中_开发_房地产
SZ300189,水稻种子_杂交_种子_选育
06808,卖场_大润发_润泰_商业_电子商务
SZ002615,不锈钢_器皿_水具
SZ300288,信息服务_对对碰_互联网
ZI,营销_团队_进入市场
SH600638,房地产开发_开发_装潢_住宅
SZ002433,有效期_胶囊剂_药品
00305,汽车零部件_专用汽车_发动机
01818,冶炼_开采_黄金_业务部
SZ300536,工程设计_园林绿化_苗木_进出口_施工
VBIV,生物技术_生物制药_不列颠_哥伦比亚_传染病
SH600555,景区_旅游_饮食
SZ002848,数字电视_设备_系统_通信设备
SZ002090,自动化_承包_发电
SZ000682,系统_自动化_通信设备_开发_管理系统
SZ002101,压铸件_饰件_铝合金_汽车
SH688011,模拟器_组件_制导_光学_模拟系统
GNC,保健品_保健产品
SZ002578,铝型材_模板_研发
FENG,凤凰新媒体_新媒体_凤凰网_跨平台
SH603813,批发_仓储_货物_运输
SH603822,增塑剂_稳定剂_环保
SH600077,房地产开发_进出口
SZ300121,助剂_橡胶_防焦剂
ALT,炭疽_生物_疫苗_预防
01052,收费公路_管理_省份
NXTC,免疫_免疫组化_细胞_集成式_靶标
SZ300272,全屋_设备_净水机_开能_压力容器
SZ002689,电梯_自动扶梯_设计
SZ300023,融资租赁_钻采_设计_自动化
SZ002454,空调_大中型_客车_车辆_乘用车
BOXL,交互式_教育_旧金山湾_创新者_宝视来
SZ002089,注册资本_资产管理_中国证监会_基金_安徽省_研发_销售业务_通信
SZ300216,医疗器械_制药机械_信息服务_医疗
SH600590,工程_电力_智能
SH600978,木地板_研发_木家具_家具
SH603167,船舶_客滚_运输_旅顺_蓬莱
SZ000554,零售_天然气_柴油_批发
SZ000638,建设_投资_软件服务_开发
ALB,化学品_精密
01898,煤矿_煤炭_经营项目_矿区
WBAI,彩票_用户_实体_彩票网
SZ002219,甘肃省_一味_糖浆剂_胶囊剂_颗粒剂
SZ300345,衬板_磨球_技术开发
SH600543,莫高_葡萄酒_葡萄_脱毒
SZ002350,基金_华安基金管理有限公司_管理_中国证监会
PLAY,核心理念_高容量_吃喝玩乐_经营者_餐饮
SZ300636,原料药_中间体_化学_医药
AMC,剧院_多重_引进_机顶盒_领先者
SZ000897,房地产开发
SZ002883,工程_咨询_项目管理_监理_勘察
SZ000536,显示屏_模组_售后服务_平板显示器_研发
VIR,免疫学_技术相结合_核糖核酸
SZ300090,垃圾_设备_处理_废旧
SZ000920,研发_反渗透膜_制造_材料
AA,母公司_美国铝业公司_美国铝业_公司业务
SH603535,代理服务_供应链_仓储_物流_批发
SH600575,煤炭_固废
02858,汽车_交易平台_融资_消费者
SZ300557,设备_报警_系统_消防_火灾
SZ300510,充电_开关设备_新能源汽车_开关柜
MMM,生物技术_显示器_电子_部件_电池
SZ002388,制程_电子
SH603843,承包_壹级_工程_工程施工
IMAB,疾病_生物制剂_天境生物科技_开曼群岛_免疫性
SZ002889,供应链_进出口_管理_批发_零售
SZ002296,轨道交通_研发_高端装备_电子产品
SH605222,电线电缆_知名度
SH688033,闸片_闸瓦_粉末冶金_车辆配件
SH600821,零售_修理
SH600076,种苗_底板_集装箱_复合材料
SZ300826,检测_测绘_地理信息_工程_岩土
00752,展览_市场推广_装修
SZ300108,金宝牌_白炭黑_咨询_中成药_胶囊
SH605399,硅烷_丙基_氧基_三乙_甲氧基
SH600545,研发_成套设备_智能化
SH600650,仓储_货代_代理业务_物流
SH603390,制造_智能_批发_汽车_管理系统
SZ000040,光伏发电_环保_运营_新能源_设备
SZ300018,自动化_配网_变电站_同步
SZ000539,电力_经营管理_销售业务_建设
SH600698,增压器_气门_风扇_发动机_活塞环
SH603668,饲料_配合_水产_研发
SH600269,养护_高速公路_建设_管理
SH601969,铁矿_铁矿石_品位_石碌_维修
SZ300286,仪表_电力_用户端_研发_联网
SZ002788,批发_医药_医疗器械_流通_药品
00322,顶益_食品_制造_牛肉面
SH600078,化工_化工原料_化工产品
AIHS,金融科技_小微
PG,宝洁公司_由威廉_零售业务_普罗克_甘布尔
SH603050,系统_高低压_自动化_配电_成套设备
SH601811,出版物_图书_零售_教材_批发
ZLAB,再鼎医药_生物制药_合作伙伴_创新药
SZ300312,设备_电工器材_通信设备_输配电_计算机软件
03383,物业_雅居乐_子公司_运营部
SZ300392,公关_广告_互联网_采购
SZ002087,棉纺织品_进出口_棉纺织
SH600485,通信网_系统_无线_无线通信_标准
SZ000150,养老_后勤_医疗
GENE,更名_测试_基因技术有限公司_公司合并
SZ002753,炭黑_洗油_轻油
SZ300245,软件服务_数据中心_外包_硬件
GM,通用汽车公司_卡车_豪尔_旗下_敞篷车
SH603556,电能表_研发_智能
09966,生物制药_生物制剂_专有_特有
GHSI,黄斑_色素_保护性_视网膜_衰竭
SZ002750,注射用_冻干粉_花素_针剂_灯盏
SH600558,焊丝_焊剂_焊条
SH603789,收割机_联合_除稀_星光农机股份有限公司
SH900926,信息服务_电信业务_数据中心_外包
SZ300580,工装_夹具_增压器_零部件_涡轮
SH603042,通信_设备_研发
SH603001,皮具_零售业务_奥康_研发_制鞋
SH600636,含氟_化学品_有机
01089,鸡肉_饲料
SH600602,工程_智能化_系统集成
SZ300061,保险经纪_航旅_咨询
SZ300518,信息服务_游戏_手机游戏_手机软件_运营
01876,啤酒_溢利_亚太地区_领先地位
06869,光纤_光缆_线缆_预制_通信
00807,污水处理_供水_项下_发电
SH688208,汽车电子_诊断_智能_零部件_汽车
03718,环境卫生_企业界_政府机构_服务供应商
SH688101,设备_膜技术_材料_应用_于膜
SH600353,器件_电子_成套_低压配电
SH600355,伺服_智能_缝制_类产品
SH600365,葡萄酒_红葡萄酒_露酒_用酒
SH603095,认定_加弹机_丝机_包覆
ABUS,核糖核酸_治疗_开发_干扰
SH600979,校验_供水_饮用水_水力发电_调试
SH603063,风电_变流器_软件产品_光伏_变频
SZ002631,石墨_研发_家居_智能家居
SH603657,软管_配件_清洁_电器_吸尘器
CNMD,手术_普通外科_州法_神经外科
SZ300499,纯水_技术开发_冷却
00877,网络产品_触摸屏_自动化_制造
SH601126,自动化_系统_电力系统_电力
SH603602,通信_网络技术_通信设备
SHIP,西奈_船舶_灵便_干散货
SZ002342,索具_钢丝绳
SH688586,设备_氧气_航空_制冷_防护系统
SZ300513,系统集成_可视化_进出口
SZ300435,冷箱_深冷_换热器_工艺_装置
SZ002207,油气田_石油_监测
BIIB,神经_肌萎缩_硬化症_免疫学_疗法
SZ300606,磨具_涂附_砂纸_制造
SH600368,房地产开发_收费公路_所辖_资质
SH600098,电力
ZOM,兽医_公司法_伴侣_解决方案_保健
SZ002073,软控_系统_轮胎_装备_轮胎橡胶
00950,药品_引进_市场推广
SH900948,煤化工_铁路_合成_原煤
SH601007,零售_住宿_全国_酒店
SZ300250,设备_接入_通讯设备_传输_通信设备
SH600335,汽车贸易_配件_仓储
SH600798,货物运输_船员_国内_沿海_海船
SZ000835,动漫_游戏_旅游_创意_衍生品
SZ300712,电力工程_工程_勘察_设计
TDOC,远程_访问_感染_医疗_泌尿道
01672,抗病毒_脂肪肝_癌症_病毒
SZ300473,类产品_汽车零部件_电机_系统
SZ000517,房地产开发_物业_建设工程_承包
SZ000906,供应链
SH603055,锦纶_织造_长丝_起草_面料
00837,零售店_饰品_分销_特许加盟
SZ002386,氯碱化工_商贸_化工新材料_材料
SZ002590,制动_研发_压铸_农机配件
SZ000005,低碳_建设_社区_主营业务
SZ300370,自动化_解决方案_资质证书
SZ002196,缝纫机_马达_类产品_电机
SZ000683,化工产品_机械设备_配件_经销
SZ300329,钢琴_电商_乐器_制造_教育
SZ002476,丙烯酰胺_油田_油气勘探
01763,药品_放射源_销售业务_辐照_药盒
SH603009,转向器_零部件_汽车空调_万台_减震器
SZ300110,羟乙_软袋_医疗器械
SZ000882,购物中心_运营_保理_管理
MTCH,网站_媒体
SH603689,天然气_长输_亿立方米_管线
SZ300140,装备_节能环保_申请专利_授权
SH603321,自动扶梯_人行道_电梯_自动_维保
DXCM,提供者_糖尿病人_医疗保健_商业化_血糖
01611,螺管_充电器_线圈_解决方案
SZ002885,电源_变压器_磁性_特种_逆变电源
SZ000981,房地产开发_高端制造_物业管理_汽车
SZ002441,电气_系统集成_成套
SH600403,煤炭_洗选_原煤
SONO,家庭_无线_音乐_软件平台
SH603518,女装_设计_高端
00881,汽车_经销
01860,移动_广告_汇量科技_出版业务
SH600781,原料药_中成药_精神药品_注射用
SZ300778,工程设计_城乡规划_工程_咨询_道桥
SH603226,复合地板_木地板_橱柜_实木_家居
SH603997,头枕_扶手_座椅_汽车零部件_研发
SZ000929,啤酒_麦芽_批发
SZ300819,超细_复合_面料_纤维_研发
SH600686,客运_客车_转口贸易_汽车
RYB,红黄蓝_早期教育_高品质_家庭
SH600405,电力_电子产品_新能源汽车_交流电源
SZ000923,矿产品_机械_专用车辆
SH600163,风电_电力_福建省
OPRA,浏览器_挪威_互联网
SH600331,锌锭_锌合金
03918,酒店_赌场_业务部
SZ200011,房地产开发_租赁_物业管理_房屋_餐饮
SCHW,经纪_退休_顾问
SH603680,轨道交通_系统_设备_配套
SZ300447,线缆_光电_组件_军工_研发
SH600122,通信设备_类产品_电缆
SH600396,咨询服务_热力_电力
00993,资产管理_期权合约
SZ000801,制造_设备_器材
SZ002825,数码_材料_喷印_喷绘_广告
SZ002872,医药制造_中药材_原料药_注射液_胶囊
SZ002654,照明_光源_器件
00780,票务_在线旅游_预订
NEM,印度尼西亚_澳大利亚_纽蒙特矿业
02120,康宁医院_医疗_医学_管理
SZ002893,节能_热力_供热_锅炉
ACB,大麻_医疗_生产商_卫生部
SH603676,研发_制剂_静脉_注射用
SH600035,高速公路_里程_麻竹_公里_经营管理
SZ002786,模具_精密_中国模具_结构件_注塑模
HIMX,平板显示器_驱动器_面板_显示器_组件
SH600746,醋酸_漂粉_发泡剂_经营项目
SZ002181,广州日报_报业_印刷_广告代理
LKCO,时空_超擎_移动互联网_箩筐_服务公司
SZ000711,生态_清洁能源_技术咨询_运营
SZ300039,中药_热清_荣获
SZ300519,口服液_颗粒剂_保健食品_中成药
SH603329,供应链_物流_硫磺_贸易
SH601002,紧固件_扣件_钨钢_五金制品
SH603798,润滑油_化学品_养护_汽车_车用
SH600896,医疗_融资租赁_健康_资产管理
SH600103,浆粕_纸袋_纸制品_水仙
SH600726,电力_热力_光伏发电_技术咨询
SZ000587,融资租赁_黄金_加工_批发
SZ002806,新能源汽车_系统_控制器_驱动_资产管理_浙商证券_浙商_获得
SH600863,发电_火力发电_供应_煤炭_供热
SZ002339,自动化_系统_调度_充换_电网
SH688360,物流_分拣_输送_自动化
SZ002016,房地产开发_广东世荣兆业股份有限公司_日用品
SH603992,制造_零配件_进出口_软管_淋浴
SH603667,轴承_零配件_车床_五金
NBY,抗感染_制药_市场_泌尿科
SZ002817,胶囊_空心_药用_明胶
01368,特步_体育用品_鞋履_配饰
PTON,健身_会员_精品课程
SH600671,保健品_颗粒剂_丸剂
SZ002647,供应链_保理_咨询服务
SZ300644,材料_高性能
SH603311,过滤器_过滤网_过滤_材料_功能性
00596,外包_运维_业务流程
SZ300040,新能源_电力_高低压_新能源汽车_箱式
SH601900,印刷_文化用品_图书_出版物_音像制品
ET,资产_天然气_运输_州际_能源
CRON,证券交易所_安大略省
SZ300180,超细_纤维_合成革_聚氨酯
CVX,原油_天然气_液化_管道_运输
SH600228,丙烯酰胺_昌九_农科_专利_管材
SZ000667,房地产开发_装配式建筑_咨询服务_现代农业_投资
SZ000949,粘胶_长丝_短纤维_纤维
SH600817,内饰_汽车_定制_租赁
SZ002685,轨道_岸桥_集装箱_发行人_起重机
SZ300187,咨询服务_修复_土壤污染_环评_发电
SH603519,复合材料_家电_覆膜_知名_国内外
KHC,亨氏_总部_卡夫亨氏公司_卡夫食品_北美地区
SH600278,进出口_进料加工_货代_三来一补
00512,健康_医疗器械_制剂_医药
SZ000534,合金_研发
02880,仓储_港口_物流_码头
SZ300301,照明_光源_器件_塑胶制品
SZ002892,电机_微特电机_控制系统
SH600743,房地产开发_租赁_交电_土地开发
SZ000509,园林工程_型材_配件_羽毛
SH603586,制动_摩擦_汽车_材料
SH603956,供水_二次_设备
SZ002231,设备_工程设计_施工
01890,学年_民办_高等教育_招生人数
SH601996,人造板_营林_造林_家俱
SZ300587,减振_支座_橡胶制品_道口_橡胶
CODX,犹他州_分子_诊断_盐湖城
WTRH,食品_食客_餐馆_配送
JFIN,金融服务_嘉银金科_金融科技_开曼群岛_普惠
SZ300635,工程_咨询服务_监理_项目管理
SH600257,水产品
SH600475,锅炉_工业锅炉_技术咨询_电站
SH603085,座椅_航空_汽车座椅_乘用车
SZ002735,塑料包装_包装材料_包装_研发
SZ300279,控制器_智能_嵌入式软件_设备
SZ002220,农产品加工_示范_加工
SZ300515,智能化_研发_仪器仪表
02313,内衣_休闲服_申洲国际集团控股有限公司_裙装
ATVI,个人电脑_出版商_任天堂_游戏机
SZ300698,病床_通信_器材_系统集成
MO,子公司_全资_米德尔
SZ002272,液压_流体_锅炉_系统集成
SZ002715,气门_汽车零部件_排气
SZ000779,咨询_咨询服务_资质_检测
SH603013,制造
SH688311,卫星导航_卫星通信_终端设备_研发
SZ300249,技术咨询_资质证书
SH605318,吊顶_集成_墙面_卫生间_研发
SZ002102,服务业_化学品_采矿业_仓储
SH600644,电力_乐山市_运维_自来水
SZ002520,研发_数控机床_轴承_加工
00303,电子产品_分销_伟易达集团有限公司_电子_设计
SZ000780,洗选_煤炭_加工
NOVN,痤疮_皮肤_氧化氮
SZ300823,钢筋_数控_全自动_生产线
SH603897,电磁线_电机_汽车电机
03601,个人电脑_实用软件_鲁大师_用户_线上
02588,波音_飞机_空客_飞机租赁
SZ300512,设备_包装_智能_自动售货机_杭州中亚机械股份有限公司
SZ300550,解决方案_第二类_信息系统_数字化_系统
MAR,特许_酒店_万豪国际酒店集团公司
03969,工程_集成_轨道交通_施工
00440,保险业务
SZ000422,二铵_尿素
SZ002592,散热器_配件_冷器_模块
SZ000701,批发_化学品_监控
SZ000982,纺织品_羊绒_混纺
SZ000504,干细胞_节能环保_生物医药
SZ000048,房地产开发_饲料_物业管理_自来水_租赁
SH603948,醋酸_增塑剂_化学品_低碳
SZ002911,燃气_管道_输配_施工
SH603861,开关设备_成套_制造_电气设备_电子
SH603377,汽车_驾培_机动车_培训
SH600187,供排水_污水处理_水务_自来水_环保工程
SZ000622,汽车空调_零部件_空调设备_制冷
SZ300404,新药研发_化学品_生物技术_设备租赁
SZ002879,电缆附件_电缆_电力_金具_研发
SH600508,煤炭_危险品_分支机构
LIZI,音频_用户_内容_创作者
SH601177,齿轮_齿轮箱_变速箱_船级社
IVR,抵押贷款_证券_担保_住宅
01114,宝马汽车_轻型客车_汽车零部件
SZ300201,高空作业_专利_军品_消防
01072,设备_发电设备_工程_成套设备
SH601366,物流_零售_配送_商业_福兴
BEST,供应链_一英里_解决方案_生态系统
CBL,租户_租金_房地产_租赁
SH603041,活性剂_聚氨酯_有机硅
SH603358,模具_乘用车_零部件_车身_汽车
SZ002203,铜管_铜棒_接件_制造_铝型材
SH600058,代理_贸易
SZ002789,工程施工_施工_建筑装饰
SH600162,物业管理_商贸_经营项目
SH600630,进出口_国内贸易_针织
02280,数据服务_部门_慧聪集团_慧聪网有限公司
AKER,股份有限公司_省时_开发
SZ300343,聚氨酯_化工新材料_联创_互联网_多元醇
SZ300228,制造_液化_天然气_应用
OKTA,身份_任何_云是
SZ002474,软件产品_系统集成_工程设计_三电
DFFN,生物技术_放射治疗_化疗_癌症
01105,媒体_分销
SZ000673,开发_制作_投资_展览_策划
SH603166,曲轴_锥齿轮_离合器_汽车零部件_螺旋
CAR,租赁_汽车_领先
SZ000409,医药制造_房地产开发_特种_轮胎_矿业
SH603223,货物运输_维修_危险品_危险
SH603031,零售_百货
SZ002086,加工_仓储_养殖
SH600033,高速公路_收费_建设_运营_罗宁
SZ000719,印刷_中小学_教材_教辅_经营管理
SH601113,锦纶_长丝_民用_差别化
NAKD,内衣_专注_服装_休闲服_有限责任公司
SZ300732,工程_勘察_咨询服务_测绘
SH603016,模塑_断路器_开关
